Scouter Name,Match Number,Team Number,Starting Position,No Show,Moved?,Auto - Robot Fuel scored,Auto - Robot Fuel shot and missed,Auto - Climbed Tower,Auto - Climbed From,Auto - Fuel Collected from,Auto - Crossed into Neutral Zone?,TeleOp - Robot Fuel Scored,TeleOp - Robot Fuel Shot and Missed,TeleOp - Fuel Delivered to Outpost,TeleOp - Fuel Collected from Outpost,TeleOp - Cycles Completed,Tele - Fuel Collected from,Tele - Robot activity while Hub not active,Was Robot Defended by Other Alliance?,Tele Climbed Tower,Tele Climbed From,Offense Skill,Defensive Skill,Died?,Tipped/Fell Over?,Fouls,Yellow/Red Card,Final Alliance Score,Did the Alliance win?,Comments
,,,,,,,,,,,,,,,,,,,,,,,,,,,,,,
Gavin,1,447,R1,FALSE,TRUE,13,13,NO,NO,NO,Trench,39,26,7,66,9,NO,"COFUEL,PDEFENCE",TRUE,NO,NO,1,5,FALSE,FALSE,1,NoCard,250,FALSE,Slow movement but very accurate
Cheryl Chen,1,2171,R2,FALSE,TRUE,1,15,L1,A1,Ground,Bump,3,30,49,45,0,Ground,"COFUEL,PDEFENCE",TRUE,L1,A1,2,2,FALSE,FALSE,2,NoCard,250,FALSE,
serenity ,1,461,R3,FALSE,TRUE,4,18,L1,A2,Outpost,Trench,12,36,21,53,6,Outpost,"COFUEL,PDEFENCE",TRUE,L2,A2,5,1,FALSE,FALSE,4,NoCard,250,FALSE,
Lonnie,1,234,B1,FALSE,TRUE,20,9,L1,A3,Both,Bump,60,18,22,8,7,Both,"COFUEL,PDEFENCE",TRUE,L3,A3,4,2,FALSE,FALSE,5,NoCard,270,TRUE,
Audrey,1,292,B2,FALSE,TRUE,14,17,L1,A4,Both,Both,42,34,60,3,2,Both,"COFUEL,PDEFENCE",TRUE,F,F,2,2,FALSE,FALSE,5,NoCard,270,TRUE,
Gavin,2,7617,R1,FALSE,TRUE,18,18,L1,A1,Both,Both,54,36,1,11,1,Both,"COFUEL,PDEFENCE",TRUE,L1,A1,5,2,FALSE,FALSE,1,NoCard,250,FALSE,
serenity ,2,1501,R2,FALSE,TRUE,5,18,L1,A2,Both,Both,15,36,36,60,7,Both,"COFUEL,PDEFENCE",TRUE,L2,A2,2,5,FALSE,FALSE,1,NoCard,250,FALSE,
Lonnie,2,1024,R3,FALSE,TRUE,8,3,L1,A3,Both,Both,24,6,63,20,3,Both,"COFUEL,PDEFENCE",FALSE,L3,A3,1,4,FALSE,FALSE,2,NoCard,250,FALSE,
Audrey,2,10332,B2,FALSE,TRUE,6,16,L1,A4,Both,Both,18,32,47,33,3,Both,"COFUEL,PDEFENCE",FALSE,NO,NO,3,2,FALSE,FALSE,0,NoCard,270,TRUE,
Jayden,2,3176,B3,FALSE,TRUE,1,2,L1,A1,Both,Both,3,4,14,48,8,Both,"COFUEL,PDEFENCE",FALSE,L1,A1,4,3,FALSE,FALSE,0,NoCard,270,TRUE,
Gavin,3,8103,R1,FALSE,TRUE,10,8,L1,A2,Both,Both,30,16,28,33,0,Both,"COFUEL,PDEFENCE",FALSE,L2,A2,4,2,FALSE,FALSE,0,NoCard,220,TRUE,"Slow movement, center of mass is too high"
Audrey,3,1741,R2,FALSE,TRUE,10,11,L1,A3,Both,Both,30,22,29,16,2,Both,"COFUEL,PDEFENCE",FALSE,L3,A3,5,1,FALSE,FALSE,5,NoCard,220,TRUE,
Cheryl,3,4485,R3,FALSE,TRUE,2,1,L1,A4,Both,Both,6,2,72,68,2,Both,"COFUEL,PDEFENCE",FALSE,NO,NO,2,5,FALSE,FALSE,1,NoCard,220,TRUE,
Cheryl,3,829,B2,FALSE,TRUE,6,2,L1,A1,Both,Both,18,4,7,45,2,Both,"COFUEL,PDEFENCE",FALSE,L1,A1,4,1,FALSE,FALSE,4,NoCard,156,FALSE,
serenity ,3,4272,B3,FALSE,TRUE,11,8,L1,A2,Both,Both,33,16,59,11,8,Both,"COFUEL,PDEFENCE",FALSE,L2,A2,1,5,FALSE,FALSE,0,NoCard,156,FALSE,
Lonnie,3,10021,B1,FALSE,TRUE,7,6,L1,A3,Both,Both,21,12,51,40,3,Both,"COFUEL,PDEFENCE",FALSE,L3,A3,3,2,FALSE,FALSE,5,NoCard,156,FALSE,
Gavin,4,10492,R1,FALSE,TRUE,12,7,L1,A4,Both,Both,36,14,1,63,3,Both,"COFUEL,PDEFENCE",FALSE,NO,NO,4,2,FALSE,FALSE,1,NoCard,250,FALSE,Played defense the whole game for some reason
serenity ,4,8430,R2,FALSE,TRUE,16,2,L1,A1,Both,Both,48,4,68,58,8,Both,"COFUEL,PDEFENCE",FALSE,L1,A1,4,2,FALSE,FALSE,6,NoCard,250,FALSE,
Lonnie,4,5402,R3,FALSE,TRUE,19,10,L1,A2,Both,Both,57,20,47,32,3,Both,"COFUEL,PDEFENCE",FALSE,L2,A2,1,4,FALSE,FALSE,6,NoCard,250,FALSE,
Jayden,4,868,B2,FALSE,TRUE,15,8,L1,A3,Both,Both,45,16,30,66,3,Both,"COFUEL,PDEFENCE",FALSE,L3,A3,4,5,FALSE,FALSE,1,NoCard,270,TRUE,
Audrey,4,5484,B3,FALSE,TRUE,7,11,L1,A4,Both,Both,21,22,52,14,6,Both,"COFUEL,PDEFENCE",FALSE,NO,NO,3,5,FALSE,FALSE,3,NoCard,270,TRUE,
Cheryl,4,5010,B1,FALSE,TRUE,15,8,L1,A1,Both,Both,45,16,49,26,1,Both,"COFUEL,PDEFENCE",FALSE,L1,A1,1,3,FALSE,FALSE,2,NoCard,270,TRUE,
Gavin,5,6956,R1,FALSE,TRUE,7,10,L1,A2,Both,Both,21,20,44,25,4,Both,"COFUEL,PDEFENCE",FALSE,L2,A2,2,5,FALSE,FALSE,3,NoCard,250,FALSE,
Cheryl,5,4926,R2,FALSE,TRUE,7,19,L1,A3,Both,Both,21,38,30,22,0,Both,"COFUEL,PDEFENCE",FALSE,L3,A3,2,3,FALSE,FALSE,4,NoCard,250,FALSE,
Lonnie,5,328,R3,FALSE,TRUE,3,2,L1,A4,Both,Both,9,4,69,56,3,Both,"COFUEL,PDEFENCE",FALSE,NO,NO,4,3,FALSE,FALSE,2,NoCard,250,FALSE,
serenity ,5,1747,B2,FALSE,TRUE,15,1,L1,A2,Both,Both,45,2,51,13,9,Both,"COFUEL,PDEFENCE",FALSE,L1,A1,4,1,FALSE,FALSE,0,NoCard,270,TRUE,
Audrey,5,3487,B3,FALSE,TRUE,19,11,L1,A3,Both,Both,57,22,30,37,9,Both,"COFUEL,PDEFENCE",FALSE,L2,A2,3,2,FALSE,FALSE,6,NoCard,270,TRUE,
Gavin,6,2197,R1,FALSE,TRUE,17,19,L1,A4,Both,Both,51,38,58,62,2,Both,"COFUEL,PDEFENCE",FALSE,L3,A3,1,2,FALSE,FALSE,0,NoCard,220,TRUE,
serenity ,6,135,R2,FALSE,TRUE,4,5,NO,NO,Both,Both,12,10,52,7,6,Both,"COFUEL,PDEFENCE",FALSE,NO,NO,2,1,FALSE,FALSE,5,NoCard,220,TRUE,
Jayden,6,6721,R3,FALSE,TRUE,4,18,NO,NO,Both,Both,12,36,56,55,9,Both,"COFUEL,PDEFENCE",FALSE,L1,A1,1,1,FALSE,FALSE,4,NoCard,220,TRUE,
Cheryl,6,7657,B2,FALSE,TRUE,18,10,NO,NO,Ground,Both,54,20,25,52,7,Ground,"COFUEL,PDEFENCE",FALSE,L2,A2,5,1,FALSE,FALSE,0,NoCard,156,FALSE,
Lonnie,6,3940,B3,FALSE,TRUE,4,20,NO,NO,Outpost,Both,12,40,55,18,0,Outpost,"COFUEL,PDEFENCE",FALSE,L3,A3,4,2,FALSE,FALSE,4,NoCard,156,FALSE,
Audrey,6,45,B1,FALSE,TRUE,13,16,NO,NO,Ground,Both,39,32,52,1,7,Ground,"COFUEL,PDEFENCE",FALSE,NO,NO,3,5,FALSE,FALSE,5,NoCard,156,FALSE,
Jayden,7,292,R1,FALSE,TRUE,9,18,NO,NO,Outpost,Both,27,36,33,13,4,Outpost,"COFUEL,PDEFENCE",FALSE,L1,A1,2,2,FALSE,FALSE,0,NoCard,250,FALSE,
Gavin,7,3494,R2,FALSE,TRUE,3,17,NO,NO,Ground,Both,9,34,55,51,3,Ground,"COFUEL,PDEFENCE",FALSE,L2,A2,1,5,FALSE,FALSE,0,NoCard,250,FALSE,All 6 ranking points
Cheryl,7,1501,R3,FALSE,TRUE,1,8,NO,NO,Outpost,Both,3,16,32,49,0,Outpost,"COFUEL,PDEFENCE",FALSE,L3,A3,5,3,FALSE,FALSE,3,NoCard,250,FALSE,
Audrey,7,1741,B2,FALSE,TRUE,12,2,NO,NO,Both,Both,36,4,68,25,4,Both,"COFUEL,PDEFENCE",FALSE,NO,NO,2,5,FALSE,FALSE,5,NoCard,270,TRUE,
serenity ,7,1018,B3,FALSE,TRUE,20,17,NO,NO,Both,Both,60,34,27,44,2,Both,"COFUEL,PDEFENCE",FALSE,L1,A1,3,3,FALSE,FALSE,3,NoCard,270,TRUE,
Lonnie,7,7457,B1,FALSE,TRUE,12,8,NO,NO,Both,Both,36,16,7,42,4,Both,"COFUEL,PDEFENCE",FALSE,L2,A2,2,5,FALSE,FALSE,0,NoCard,270,TRUE,6 rank points
Gavin,8,2171,R1,FALSE,TRUE,6,19,NO,NO,Both,Both,18,38,50,67,1,Both,"COFUEL,PDEFENCE",FALSE,L3,A3,1,4,FALSE,FALSE,1,NoCard,250,FALSE,"Stuck on algae during endgame, all 6 RP"
serenity ,8,10332,R2,FALSE,TRUE,11,6,NO,NO,Both,Both,33,12,70,46,1,Both,"COFUEL,PDEFENCE",FALSE,NO,NO,3,2,FALSE,FALSE,1,NoCard,250,FALSE,
Cheryl,8,5188,R3,FALSE,TRUE,14,10,NO,NO,Both,Both,42,20,33,62,8,Both,"COFUEL,PDEFENCE",FALSE,L1,A1,2,2,FALSE,FALSE,0,NoCard,250,FALSE,
Jayden,8,5402,B2,FALSE,TRUE,9,9,L1,A2,Both,Both,27,18,74,4,7,Both,"COFUEL,PDEFENCE",FALSE,L2,A2,5,1,FALSE,FALSE,5,NoCard,270,TRUE,
Audrey,8,868,B3,FALSE,TRUE,8,17,L1,A3,Both,Trench,24,34,57,15,7,Both,"COFUEL,PDEFENCE",FALSE,L3,A3,2,3,FALSE,FALSE,0,NoCard,270,TRUE,
Lonnie,8,10021,B1,FALSE,TRUE,7,9,L1,A4,Both,NO,21,18,2,24,4,Both,"COFUEL,PDEFENCE",FALSE,NO,NO,3,3,FALSE,FALSE,2,NoCard,270,TRUE,slow climb mechanism
Jayden,9,461,R1,FALSE,TRUE,8,13,L1,A1,Both,Bump,24,26,40,41,1,Both,"COFUEL,PDEFENCE",FALSE,L1,A1,5,3,FALSE,FALSE,3,NoCard,220,TRUE,
Mackenzie,9,447,R2,FALSE,TRUE,13,3,L1,A2,Both,Bump,39,6,38,19,7,Both,"COFUEL,PDEFENCE",FALSE,L2,A2,4,2,FALSE,FALSE,2,NoCard,220,TRUE,
serenity ,9,5484,R3,FALSE,TRUE,16,7,L1,A3,Both,Bump,48,14,30,1,3,Both,"COFUEL,PDEFENCE",FALSE,L3,A3,2,1,FALSE,FALSE,2,NoCard,220,TRUE,
Audrey,9,1747,B2,FALSE,TRUE,20,19,L1,A4,Both,Bump,60,38,27,68,4,Both,"COFUEL,PDEFENCE",FALSE,NO,NO,5,5,FALSE,FALSE,4,NoCard,156,FALSE,
Cheryl,9,4272,B3,FALSE,TRUE,6,19,L1,A1,Both,Bump,18,38,3,61,8,Both,"COFUEL,PDEFENCE",FALSE,L1,A1,1,5,FALSE,FALSE,4,NoCard,156,FALSE,
Lonnie,9,4485,B1,FALSE,TRUE,2,5,L1,A3,Both,Bump,6,10,71,39,4,Both,"COFUEL,PDEFENCE",FALSE,L2,A2,1,4,FALSE,FALSE,2,NoCard,156,FALSE,
serenity ,10,4926,R1,FALSE,TRUE,20,19,F,F,Both,Bump,60,38,52,51,8,Both,"COFUEL,PDEFENCE",FALSE,L3,A3,5,3,FALSE,FALSE,6,NoCard,250,FALSE,
Cheryl,10,3176,R2,FALSE,TRUE,10,18,NO,NO,NO,Bump,30,36,45,26,8,NO,"COFUEL,PDEFENCE",FALSE,NO,NO,5,3,FALSE,FALSE,4,NoCard,250,FALSE,
Jayden,10,3487,R3,FALSE,TRUE,12,2,L1,A2,Both,Bump,36,4,42,6,8,Both,"COFUEL,PDEFENCE",FALSE,L1,A1,5,2,FALSE,FALSE,0,NoCard,250,FALSE,
Audrey,10,6721,B2,FALSE,TRUE,5,10,L1,A3,Both,Bump,15,20,66,3,4,Both,"COFUEL,PDEFENCE",FALSE,L2,A2,2,5,FALSE,FALSE,5,NoCard,270,TRUE,
Mackenzie,10,7617,B3,FALSE,TRUE,18,19,L1,A4,Both,Bump,54,38,21,31,7,Both,"COFUEL,PDEFENCE",FALSE,L3,A3,1,3,FALSE,FALSE,3,NoCard,270,TRUE,
Lonnie,10,829,B1,FALSE,TRUE,17,9,L1,A1,Both,Bump,51,18,7,59,5,Both,"COFUEL,PDEFENCE",FALSE,NO,NO,2,2,FALSE,FALSE,3,NoCard,270,TRUE,6 rank points ; great L1 bot
Cheryl,11,3940,R1,FALSE,TRUE,5,7,L1,A2,Both,Bump,15,14,20,10,3,Both,"COFUEL,PDEFENCE",FALSE,L1,A1,2,1,FALSE,FALSE,4,NoCard,250,FALSE,
serenity ,11,7657,R2,FALSE,TRUE,5,20,L1,A3,Both,Bump,15,40,7,10,3,Both,"COFUEL,PDEFENCE",FALSE,NO,NO,4,1,FALSE,FALSE,5,NoCard,250,FALSE,
Mackenzie,11,234,R3,FALSE,TRUE,19,11,L1,A4,Both,Bump,57,22,7,11,5,Both,"COFUEL,PDEFENCE",FALSE,L1,A1,2,2,FALSE,FALSE,6,NoCard,250,FALSE,
Max,11,6956,B2,FALSE,TRUE,13,18,L1,A1,Both,Bump,39,36,44,62,8,Both,"COFUEL,PDEFENCE",FALSE,L2,A2,5,4,FALSE,FALSE,2,NoCard,270,TRUE,
Lonnie,11,8430,B3,FALSE,TRUE,15,7,L1,A3,Both,Bump,45,14,38,31,3,Both,"COFUEL,PDEFENCE",FALSE,L3,A3,2,1,FALSE,FALSE,0,NoCard,270,TRUE,6 rank points ; played def
Audrey,11,3494,B1,FALSE,TRUE,2,13,L1,A2,Both,Bump,6,26,0,64,8,Both,"COFUEL,PDEFENCE",FALSE,NO,NO,2,1,FALSE,FALSE,6,NoCard,270,TRUE,
Cheryl,12,135,R1,FALSE,TRUE,4,1,L1,A3,Both,Bump,12,2,9,18,7,Both,"COFUEL,PDEFENCE",FALSE,L1,A1,5,4,FALSE,FALSE,6,NoCard,220,TRUE,
Mackenzie,12,328,R2,FALSE,TRUE,2,18,L1,A4,Both,Bump,6,36,12,0,4,Both,"COFUEL,PDEFENCE",FALSE,L2,A2,2,4,FALSE,FALSE,2,NoCard,220,TRUE,
Max,12,10492,R3,FALSE,TRUE,20,20,L1,A1,Both,Bump,60,40,13,3,7,Both,"COFUEL,PDEFENCE",FALSE,L3,A3,5,1,FALSE,FALSE,6,NoCard,220,TRUE,
serenity ,12,8103,B2,FALSE,TRUE,7,16,L1,A2,Both,Bump,21,32,29,3,6,Both,"COFUEL,PDEFENCE",FALSE,NO,NO,1,2,FALSE,FALSE,4,NoCard,156,FALSE,
Kobe ,12,7454,B3,FALSE,TRUE,17,20,L1,A3,Both,Bump,51,40,15,52,2,Both,"COFUEL,PDEFENCE",FALSE,L1,A4,1,5,FALSE,FALSE,1,NoCard,156,FALSE,6rp
Audrey,12,2197,B1,FALSE,TRUE,18,8,L1,A4,Both,Bump,54,16,67,0,3,Both,"COFUEL,PDEFENCE",FALSE,L2,A2,5,4,FALSE,FALSE,1,NoCard,156,FALSE,
Lonnie,13,7454,R1,FALSE,TRUE,20,15,L1,A1,Both,Bump,60,30,14,73,0,Both,"COFUEL,PDEFENCE",FALSE,L3,A3,5,1,FALSE,FALSE,0,NoCard,250,FALSE,6 rank points
Mackenzie,13,45,R2,FALSE,TRUE,18,10,L1,A3,Both,Bump,54,20,29,33,3,Both,"COFUEL,PDEFENCE",FALSE,NO,NO,3,2,FALSE,FALSE,6,NoCard,250,FALSE,
Audrey,13,5402,R3,FALSE,TRUE,14,12,L1,A2,Both,Bump,42,24,39,63,0,Both,"COFUEL,PDEFENCE",FALSE,L1,A1,1,4,FALSE,FALSE,3,NoCard,250,FALSE,
Max,13,1018,B2,FALSE,TRUE,20,13,L1,A3,Both,Bump,60,26,57,40,8,Both,"COFUEL,PDEFENCE",FALSE,L2,A2,2,2,FALSE,FALSE,2,NoCard,270,TRUE,
serenity ,13,1024,B3,FALSE,TRUE,10,2,L1,A4,Both,Bump,30,4,40,55,3,Both,"COFUEL,PDEFENCE",FALSE,L3,A3,4,4,FALSE,FALSE,0,NoCard,270,TRUE,
Kobe ,13,5010,B1,FALSE,TRUE,14,13,L1,A1,Both,Bump,42,26,62,43,3,Both,"COFUEL,PDEFENCE",FALSE,NO,NO,2,4,FALSE,FALSE,3,NoCard,270,TRUE,6rp
keira,14,461,R1,FALSE,TRUE,2,3,L1,A2,Both,Bump,6,6,38,57,4,Both,"COFUEL,PDEFENCE",FALSE,L1,A1,4,4,FALSE,FALSE,0,NoCard,250,FALSE,
serenity ,14,292,R2,FALSE,TRUE,16,19,L1,A3,Both,Bump,48,38,7,33,6,Both,"COFUEL,PDEFENCE",FALSE,L2,A2,5,2,FALSE,FALSE,6,NoCard,250,FALSE,
Max,14,4926,R3,FALSE,TRUE,17,15,L1,A4,Both,Bump,51,30,8,74,5,Both,"COFUEL,PDEFENCE",FALSE,L3,A3,3,5,FALSE,FALSE,1,NoCard,250,FALSE,
Mackenzie,14,3176,B2,FALSE,TRUE,9,20,L1,A1,Both,Trench,27,40,28,37,2,Both,"COFUEL,PDEFENCE",FALSE,NO,NO,3,2,FALSE,FALSE,1,NoCard,270,TRUE,
Audrey,14,4272,B3,FALSE,TRUE,9,6,L1,A3,Both,Trench,27,12,33,1,7,Both,"COFUEL,PDEFENCE",FALSE,L1,A1,4,2,FALSE,FALSE,6,NoCard,270,TRUE,
Kobe ,14,6721,B1,FALSE,TRUE,2,19,NO,NO,Ground,Trench,6,38,7,56,6,Ground,"COFUEL,PDEFENCE",FALSE,L2,A2,5,1,FALSE,FALSE,4,NoCard,270,TRUE,
keira,15,5188,R1,FALSE,TRUE,5,17,NO,NO,Outpost,Trench,15,34,37,6,3,Outpost,"COFUEL,PDEFENCE",FALSE,L3,A3,2,5,FALSE,FALSE,5,NoCard,220,TRUE,
Max,15,1741,R2,FALSE,TRUE,19,8,NO,NO,Ground,Trench,57,16,58,52,2,Ground,"COFUEL,PDEFENCE",FALSE,NO,NO,5,4,FALSE,FALSE,2,NoCard,220,TRUE,
serenity ,15,8430,R3,FALSE,TRUE,16,2,NO,NO,Outpost,Trench,48,4,4,65,3,Outpost,"COFUEL,PDEFENCE",FALSE,L1,A1,4,4,FALSE,FALSE,0,NoCard,220,TRUE,
Mackenzie,15,3487,B2,FALSE,TRUE,5,14,NO,NO,Both,Trench,15,28,22,23,5,Both,"COFUEL,PDEFENCE",FALSE,L2,A2,1,5,FALSE,FALSE,2,NoCard,156,FALSE,Stuck on an algae for half the match
Kobe ,15,7657,B3,FALSE,TRUE,7,17,NO,NO,Both,Trench,21,34,66,32,3,Both,"COFUEL,PDEFENCE",FALSE,L3,A3,1,3,FALSE,FALSE,1,NoCard,156,FALSE,
Max,15,135,B1,FALSE,TRUE,12,20,NO,NO,Both,Trench,36,40,57,12,3,Both,"COFUEL,PDEFENCE",FALSE,NO,NO,5,5,FALSE,FALSE,6,NoCard,156,FALSE,
keira,16,7617,R1,FALSE,TRUE,20,4,NO,NO,Both,Trench,60,8,61,12,1,Both,"COFUEL,PDEFENCE",FALSE,L1,A1,2,2,FALSE,FALSE,6,NoCard,250,FALSE,
Mackenzie,16,5484,R2,FALSE,TRUE,12,8,NO,NO,Both,Trench,36,16,68,28,0,Both,"COFUEL,PDEFENCE",FALSE,NO,NO,1,1,FALSE,FALSE,4,NoCard,250,FALSE,
serenity ,16,4485,R3,FALSE,TRUE,5,2,NO,NO,Both,Trench,15,4,11,33,9,Both,"COFUEL,PDEFENCE",FALSE,L1,A1,5,4,FALSE,FALSE,6,NoCard,250,FALSE,
Kobe ,16,6956,B2,FALSE,TRUE,8,5,NO,NO,Both,Trench,24,10,74,31,9,Both,"COFUEL,PDEFENCE",FALSE,L2,A2,4,1,FALSE,FALSE,5,NoCard,270,TRUE,Played defense the last half 
Audrey,16,8103,B3,FALSE,TRUE,1,4,NO,NO,Both,Trench,3,8,6,20,4,Both,"COFUEL,PDEFENCE",TRUE,L3,A3,5,1,FALSE,FALSE,2,NoCard,270,TRUE,
Audrey,16,1747,B1,FALSE,TRUE,6,19,NO,NO,Both,Trench,18,38,69,30,1,Both,"COFUEL,PDEFENCE",TRUE,NO,NO,3,4,FALSE,FALSE,6,NoCard,270,TRUE,
keira,17,1018,R1,FALSE,TRUE,12,9,NO,NO,Both,Trench,36,18,56,47,0,Both,"COFUEL,PDEFENCE",TRUE,L1,A1,1,3,FALSE,FALSE,3,NoCard,250,FALSE,
Max,17,447,R2,FALSE,TRUE,8,6,L1,A2,Both,Both,24,12,54,66,6,Both,"COFUEL,PDEFENCE",TRUE,L2,A4,3,1,FALSE,FALSE,2,NoCard,250,FALSE,
Gavin,17,3940,R3,FALSE,TRUE,14,9,L1,A3,Both,Both,42,18,58,61,9,Both,"COFUEL,PDEFENCE",TRUE,L3,A3,2,2,FALSE,FALSE,4,NoCard,250,FALSE,
serenity ,17,328,B2,FALSE,TRUE,16,9,L1,A4,Both,Both,48,18,21,24,4,Both,"COFUEL,PDEFENCE",TRUE,NO,NO,4,2,FALSE,FALSE,5,NoCard,270,TRUE,
Kobe ,17,868,B3,FALSE,TRUE,5,9,L1,A1,Both,Both,15,18,54,26,9,Both,"COFUEL,PDEFENCE",TRUE,L1,A1,3,5,FALSE,FALSE,2,NoCard,270,TRUE,
Audrey,17,10332,B1,FALSE,TRUE,14,16,L1,A2,Both,Both,42,32,34,63,2,Both,"COFUEL,PDEFENCE",TRUE,L2,A2,4,4,FALSE,FALSE,1,NoCard,270,TRUE,
keira,18,1024,R1,FALSE,TRUE,18,12,L1,A3,Both,Both,54,24,50,70,7,Both,"COFUEL,PDEFENCE",TRUE,L3,A3,5,3,FALSE,FALSE,1,NoCard,220,TRUE,
Audrey,18,1501,R2,FALSE,TRUE,14,17,L1,A4,Both,Both,42,34,61,54,3,Both,"COFUEL,PDEFENCE",TRUE,NO,NO,5,5,FALSE,FALSE,0,NoCard,220,TRUE,
Kobe ,18,7454,R3,FALSE,TRUE,12,12,L1,A1,Both,Both,36,24,19,40,5,Both,"COFUEL,PDEFENCE",TRUE,L1,A1,5,1,FALSE,FALSE,0,NoCard,220,TRUE,
serenity ,18,234,B2,FALSE,TRUE,10,20,L1,A3,Both,Both,30,40,17,15,0,Both,"COFUEL,PDEFENCE",TRUE,L2,A2,2,2,FALSE,FALSE,5,NoCard,156,FALSE,
Gavin,18,10021,B3,FALSE,TRUE,13,15,F,F,Both,Both,39,30,15,32,1,Both,"COFUEL,PDEFENCE",TRUE,L3,A3,1,2,FALSE,FALSE,1,NoCard,156,FALSE,Stuck on algae
Max,18,5010,R1,FALSE,TRUE,5,1,NO,NO,Both,Both,15,2,67,41,1,Both,"COFUEL,PDEFENCE",TRUE,NO,NO,4,2,FALSE,FALSE,5,NoCard,220,TRUE,
Gavin,19,2197,R2,FALSE,TRUE,7,13,L1,A2,Both,Both,21,26,43,6,3,Both,"COFUEL,PDEFENCE",TRUE,L1,A1,1,4,FALSE,FALSE,1,NoCard,250,FALSE,All 6 RP
Max,19,829,R3,FALSE,TRUE,20,8,L1,A3,Both,Both,60,16,42,3,3,Both,"COFUEL,PDEFENCE",TRUE,L2,A2,5,5,FALSE,FALSE,1,NoCard,250,FALSE,
serenity ,19,10492,B2,FALSE,TRUE,5,2,L1,A4,Both,Both,15,4,55,5,6,Both,"COFUEL,PDEFENCE",TRUE,L3,A3,2,1,FALSE,FALSE,4,NoCard,270,TRUE,
Audrey,19,3494,B3,FALSE,TRUE,4,4,L1,A1,Both,Both,12,8,22,9,4,Both,"COFUEL,PDEFENCE",TRUE,NO,NO,1,2,FALSE,FALSE,6,NoCard,270,TRUE,
Kobe ,19,45,B1,FALSE,TRUE,19,19,L1,A2,Both,Both,57,38,57,21,0,Both,"COFUEL,PDEFENCE",TRUE,L1,A1,4,3,FALSE,FALSE,3,NoCard,270,TRUE,6 RP
keira,19,7457,R1,FALSE,TRUE,6,8,L1,A3,Both,Both,18,16,15,14,0,Both,"COFUEL,PDEFENCE",TRUE,L2,A2,1,1,FALSE,FALSE,2,NoCard,250,FALSE,
keira,20,5484,R2,FALSE,TRUE,2,20,L1,A4,Both,Both,6,40,38,23,8,Both,"COFUEL,PDEFENCE",TRUE,L3,F,1,2,FALSE,FALSE,0,NoCard,250,FALSE,
Max,20,4926,R3,FALSE,TRUE,2,6,L1,A1,Both,Both,6,12,71,1,8,Both,"COFUEL,PDEFENCE",TRUE,NO,NO,3,4,FALSE,FALSE,2,NoCard,250,FALSE,
Gavin,20,6721,B2,FALSE,TRUE,3,17,L1,A3,Both,Both,9,34,17,63,9,Both,"COFUEL,PDEFENCE",TRUE,L1,A1,3,1,FALSE,FALSE,2,NoCard,270,TRUE,
serenity ,20,5188,B3,FALSE,TRUE,3,16,L1,A2,Both,Both,9,32,51,10,4,Both,"COFUEL,PDEFENCE",TRUE,L2,A2,4,5,FALSE,FALSE,0,NoCard,270,TRUE,
Audrey,20,8430,B1,FALSE,TRUE,9,1,L1,A3,Both,Both,27,2,53,14,4,Both,"COFUEL,PDEFENCE",TRUE,L3,A3,4,4,FALSE,FALSE,6,NoCard,270,TRUE,
Kobe ,20,1741,R1,FALSE,TRUE,19,8,L1,A4,Both,Both,57,16,4,24,7,Both,"COFUEL,PDEFENCE",TRUE,NO,NO,1,2,FALSE,FALSE,4,NoCard,250,FALSE,
Jayden,21,292,R2,FALSE,TRUE,11,19,L1,A1,Both,Both,33,38,58,49,4,Both,"COFUEL,PDEFENCE",TRUE,L1,A1,4,4,FALSE,FALSE,1,NoCard,220,TRUE,
Gavin,21,461,R3,FALSE,TRUE,7,6,L1,A2,Both,Both,21,12,54,16,5,Both,"COFUEL,PDEFENCE",TRUE,L2,A2,4,1,FALSE,FALSE,0,NoCard,220,TRUE,All 6 RP
serenity ,21,328,B2,FALSE,TRUE,18,19,L1,A3,Both,Both,54,38,32,62,4,Both,"COFUEL,PDEFENCE",TRUE,NO,NO,4,4,FALSE,FALSE,5,NoCard,156,FALSE,
Kobe ,21,4272,B3,FALSE,TRUE,8,19,L1,A4,Both,Both,24,38,60,35,6,Both,"COFUEL,PDEFENCE",TRUE,L1,A1,2,5,FALSE,FALSE,3,NoCard,156,FALSE,6 RP
Audrey,21,868,B1,FALSE,TRUE,10,4,L1,A1,Both,Both,30,8,41,22,4,Both,"COFUEL,PDEFENCE",TRUE,L2,A2,4,3,FALSE,FALSE,2,NoCard,156,FALSE,
Gavin,22,4485,R1,FALSE,TRUE,18,20,L1,A3,Both,Both,54,40,48,49,7,Both,"COFUEL,PDEFENCE",TRUE,L3,A3,1,3,FALSE,FALSE,4,NoCard,250,FALSE,
Jayden,22,3487,R2,FALSE,TRUE,12,17,L1,A2,Both,Both,36,34,29,1,4,Both,"COFUEL,PDEFENCE",TRUE,NO,NO,4,2,FALSE,FALSE,1,NoCard,250,FALSE,
serenity ,22,1018,R3,FALSE,TRUE,7,15,L1,A3,Both,Both,21,30,58,21,1,Both,"COFUEL,PDEFENCE",TRUE,L1,A1,2,2,FALSE,FALSE,4,NoCard,250,FALSE,
Kobe ,22,7657,B2,FALSE,TRUE,15,9,L1,A4,Both,Both,45,18,59,28,1,Both,"COFUEL,PDEFENCE",TRUE,L2,A2,4,2,FALSE,FALSE,6,NoCard,270,TRUE,
serenity ,23,3176,B3,FALSE,TRUE,14,13,L1,A1,Both,Both,42,26,52,53,0,Both,"COFUEL,PDEFENCE",TRUE,L3,A3,1,2,FALSE,FALSE,5,NoCard,270,TRUE,
Jayden,23,2197,B1,FALSE,TRUE,18,14,L1,A2,Both,Both,54,28,5,74,6,Both,"COFUEL,PDEFENCE",TRUE,NO,NO,5,2,FALSE,FALSE,0,NoCard,270,TRUE,
Gavin,23,45,R1,FALSE,TRUE,19,7,L1,A3,Ground,Both,57,14,51,34,1,Ground,"COFUEL,PDEFENCE",TRUE,L1,A1,3,5,FALSE,FALSE,6,NoCard,250,FALSE,All 6 RP
Kobe ,23,3494,R2,FALSE,TRUE,4,3,L1,A4,Outpost,Both,12,6,2,68,2,Outpost,"COFUEL,PDEFENCE",TRUE,L2,A2,3,5,FALSE,FALSE,2,NoCard,250,FALSE,6 RP
Audrey,23,10021,R3,FALSE,TRUE,19,6,L1,A1,Ground,Both,57,12,18,66,5,Ground,"COFUEL,PDEFENCE",TRUE,L3,A3,4,4,FALSE,FALSE,1,NoCard,250,FALSE,
Gavin,24,135,B2,FALSE,TRUE,4,9,L1,A3,Outpost,Both,12,18,16,25,8,Outpost,"COFUEL,PDEFENCE",FALSE,NO,NO,3,5,FALSE,FALSE,3,NoCard,156,FALSE,
serenity ,24,829,B3,FALSE,TRUE,6,14,NO,NO,Both,Both,18,28,65,58,2,Both,"COFUEL,PDEFENCE",FALSE,L1,A1,1,5,FALSE,FALSE,6,NoCard,156,FALSE,
Jayden,24,234,B1,FALSE,TRUE,1,17,NO,NO,Both,Both,3,34,49,51,8,Both,"COFUEL,PDEFENCE",FALSE,L2,A2,1,5,FALSE,FALSE,1,NoCard,156,FALSE,
Audrey,24,7454,R1,FALSE,TRUE,4,18,NO,NO,Both,Both,12,36,35,4,9,Both,"COFUEL,PDEFENCE",FALSE,L3,A3,5,5,FALSE,FALSE,4,NoCard,220,TRUE,
Audrey,25,3940,R2,FALSE,TRUE,17,1,NO,NO,Both,Both,51,2,55,51,9,Both,"COFUEL,PDEFENCE",FALSE,NO,NO,3,2,FALSE,FALSE,3,NoCard,250,FALSE,
serenity ,25,7457,R3,FALSE,TRUE,7,4,NO,NO,Both,Both,21,8,60,63,4,Both,"COFUEL,PDEFENCE",FALSE,L1,A1,5,2,FALSE,FALSE,0,NoCard,250,FALSE,
Jayden,25,447,B2,FALSE,TRUE,8,7,NO,NO,Both,Both,24,14,63,12,0,Both,"COFUEL,PDEFENCE",FALSE,L2,A2,5,1,FALSE,FALSE,6,NoCard,270,TRUE,
Cheryl,25,8103,B3,FALSE,TRUE,12,20,NO,NO,Both,Both,36,40,68,34,9,Both,"COFUEL,PDEFENCE",FALSE,L3,A3,3,2,FALSE,FALSE,4,NoCard,270,TRUE,
Mackenzie,25,1024,B1,FALSE,TRUE,1,8,NO,NO,Both,Both,3,16,11,32,2,Both,"COFUEL,PDEFENCE",FALSE,NO,NO,1,4,FALSE,FALSE,5,NoCard,270,TRUE,
Lonnie,25,5010,R1,FALSE,TRUE,5,8,NO,NO,Both,Both,15,16,9,7,0,Both,"COFUEL,PDEFENCE",FALSE,L1,A1,5,5,FALSE,FALSE,4,NoCard,250,FALSE,
Cheryl,26,10492,R2,FALSE,TRUE,7,14,NO,NO,Both,Both,21,28,25,74,4,Both,"COFUEL,PDEFENCE",FALSE,L2,A2,4,4,FALSE,FALSE,2,NoCard,250,FALSE,
Jayden,26,1501,R3,FALSE,TRUE,13,18,NO,NO,Both,Both,39,36,67,5,1,Both,"COFUEL,PDEFENCE",FALSE,L3,A3,3,5,FALSE,FALSE,5,NoCard,250,FALSE,
Mackenzie,26,868,B2,FALSE,TRUE,19,13,NO,NO,Both,Both,57,26,47,51,1,Both,"COFUEL,PDEFENCE",FALSE,NO,NO,5,5,FALSE,FALSE,4,NoCard,270,TRUE,
Liam Welty ,26,1741,B3,FALSE,TRUE,16,12,NO,NO,Both,Both,48,24,36,54,6,Both,"COFUEL,PDEFENCE",FALSE,L1,A1,3,5,FALSE,FALSE,3,NoCard,270,TRUE,
Lonnie,26,4926,B1,FALSE,TRUE,10,8,NO,NO,Both,Both,30,16,40,62,9,Both,"COFUEL,PDEFENCE",FALSE,L2,A2,1,3,FALSE,FALSE,0,NoCard,270,TRUE,6 rank points
Nathan,26,7657,R1,FALSE,TRUE,3,13,L1,A2,Both,Both,9,26,37,73,2,Both,"COFUEL,PDEFENCE",FALSE,L3,A3,3,4,FALSE,FALSE,1,NoCard,250,FALSE,Tried to score but switched to defense
keira,21,6956,R2,FALSE,TRUE,11,7,L1,A3,Both,Both,33,14,60,31,0,Both,"COFUEL,PDEFENCE",FALSE,NO,NO,4,4,FALSE,FALSE,2,NoCard,220,TRUE,
keira,22,5402,R3,FALSE,TRUE,1,14,L1,A4,Both,Both,3,28,49,14,5,Both,"COFUEL,PDEFENCE",FALSE,NO,NO,3,4,FALSE,FALSE,6,NoCard,250,FALSE,
keira,23,1747,B2,FALSE,TRUE,14,2,L1,A1,Both,Both,42,4,1,0,8,Both,"COFUEL,PDEFENCE",FALSE,L1,A1,4,2,FALSE,FALSE,3,NoCard,270,TRUE,
keira,24,7617,B3,FALSE,TRUE,6,3,L1,A2,Both,Both,18,6,58,9,2,Both,"COFUEL,PDEFENCE",FALSE,L2,A2,3,1,FALSE,FALSE,5,NoCard,156,FALSE,
Cheryl,27,6721,B1,FALSE,TRUE,18,11,L1,A3,Both,Both,54,22,48,52,5,Both,"COFUEL,PDEFENCE",FALSE,L3,A3,4,5,FALSE,FALSE,1,NoCard,156,FALSE,
Jayden,27,328,R1,FALSE,TRUE,14,3,L1,A4,Both,Both,42,6,33,43,3,Both,"COFUEL,PDEFENCE",FALSE,NO,NO,3,3,FALSE,FALSE,4,NoCard,220,TRUE,
Mackenzie,27,292,R2,FALSE,TRUE,12,11,L1,A1,Both,Both,36,22,52,6,5,Both,"COFUEL,PDEFENCE",FALSE,L1,A1,2,3,FALSE,FALSE,0,NoCard,220,TRUE,
Nathan,27,45,R3,FALSE,TRUE,7,2,L1,A3,Both,Both,21,4,18,13,5,Both,"COFUEL,PDEFENCE",FALSE,L2,A2,3,2,FALSE,FALSE,5,NoCard,220,TRUE,Got coral stuck in their robot at the beginning but shook it out.
Liam Welty ,27,4485,B2,FALSE,TRUE,3,9,F,F,Both,Both,9,18,52,48,2,Both,"COFUEL,PDEFENCE",FALSE,L3,A3,1,3,FALSE,FALSE,4,NoCard,156,FALSE,
Lonnie,27,2197,B3,FALSE,TRUE,3,14,NO,NO,Both,Both,9,28,47,11,0,Both,"COFUEL,PDEFENCE",FALSE,NO,NO,3,2,FALSE,FALSE,1,NoCard,156,FALSE,
Nathan,28,461,B1,FALSE,TRUE,19,8,L1,A2,Both,Both,57,16,1,17,2,Both,"COFUEL,PDEFENCE",FALSE,L1,A1,4,2,FALSE,FALSE,5,NoCard,270,TRUE,
Jayden,28,10332,R1,FALSE,TRUE,19,2,L1,A3,Both,Both,57,4,22,72,3,Both,"COFUEL,PDEFENCE",FALSE,L2,A2,1,4,FALSE,FALSE,2,NoCard,250,FALSE,
Mackenzie,28,5484,R2,FALSE,TRUE,10,7,L1,A4,Both,Both,30,14,40,65,7,Both,"COFUEL,PDEFENCE",FALSE,L3,A3,5,3,FALSE,FALSE,2,NoCard,250,FALSE,
Liam Welty ,28,10021,R3,FALSE,TRUE,18,12,L1,A1,Both,Both,54,24,28,6,6,Both,"COFUEL,PDEFENCE",FALSE,NO,NO,4,2,FALSE,FALSE,4,NoCard,250,FALSE,
Nathan,29,4272,B2,FALSE,TRUE,8,9,L1,A2,Both,Both,24,18,32,55,8,Both,"COFUEL,PDEFENCE",FALSE,L1,A1,4,1,FALSE,FALSE,5,NoCard,270,TRUE,
Liam Welty ,29,7617,B3,FALSE,TRUE,10,12,L1,A3,Both,Trench,30,24,26,36,8,Both,"COFUEL,PDEFENCE",FALSE,L2,A2,3,1,FALSE,FALSE,3,NoCard,270,TRUE,6 rank points 
Mackenzie,29,6956,B1,FALSE,TRUE,17,7,L1,A4,Both,Trench,51,14,19,43,2,Both,"COFUEL,PDEFENCE",FALSE,L3,A3,1,2,FALSE,FALSE,6,NoCard,270,TRUE,
Cheryl,29,1024,R1,FALSE,TRUE,7,8,L1,A1,Both,Trench,21,16,50,36,1,Both,"COFUEL,PDEFENCE",FALSE,NO,NO,5,5,FALSE,FALSE,3,NoCard,250,FALSE,
Cheryl,30,2171,R2,FALSE,TRUE,20,10,L1,A3,Both,Trench,60,20,3,45,5,Both,"COFUEL,PDEFENCE",FALSE,L1,A1,5,5,FALSE,FALSE,3,NoCard,220,TRUE,
Mackenzie,30,3940,R3,FALSE,TRUE,16,1,L1,A2,Both,Trench,48,2,16,74,6,Both,"COFUEL,PDEFENCE",FALSE,L2,A2,2,1,FALSE,FALSE,1,NoCard,220,TRUE,
Nathan,30,3487,B2,FALSE,TRUE,7,5,L1,A3,Both,Trench,21,10,28,29,9,Both,"COFUEL,PDEFENCE",FALSE,L3,A3,4,4,FALSE,FALSE,6,NoCard,156,FALSE,
Jayden,30,1501,B3,FALSE,TRUE,18,14,L1,A4,Both,Trench,54,28,65,31,6,Both,"COFUEL,PDEFENCE",FALSE,NO,NO,4,2,FALSE,FALSE,6,NoCard,156,FALSE,
Liam Welty ,29,829,B1,FALSE,TRUE,20,4,L1,A1,Both,Trench,60,8,29,27,7,Both,"COFUEL,PDEFENCE",FALSE,L1,A1,3,5,FALSE,FALSE,0,NoCard,270,TRUE,
Lonnie,29,8430,R1,FALSE,TRUE,9,20,L1,A2,Both,Trench,27,40,36,63,9,Both,"COFUEL,PDEFENCE",FALSE,L2,A2,1,2,FALSE,FALSE,2,NoCard,250,FALSE,
Lonnie,30,8103,R2,FALSE,TRUE,16,18,L1,A3,Both,Trench,48,36,27,29,2,Both,"COFUEL,PDEFENCE",FALSE,L3,A3,4,2,FALSE,FALSE,4,NoCard,220,TRUE,6 rank points ; robot disabled mid match
Lonnie,28,3494,R3,FALSE,TRUE,15,17,L1,A4,Both,Trench,45,34,0,21,2,Both,"COFUEL,PDEFENCE",FALSE,NO,NO,5,1,FALSE,FALSE,5,NoCard,250,FALSE,6 rank points
Max,31,447,B2,FALSE,TRUE,4,14,L1,A1,Both,Trench,12,28,57,72,3,Both,"COFUEL,PDEFENCE",FALSE,L1,A1,2,5,FALSE,FALSE,6,NoCard,270,TRUE,
Jayden,31,447,B3,FALSE,TRUE,7,16,L1,A3,Both,Trench,21,32,13,39,4,Both,"COFUEL,PDEFENCE",FALSE,L2,A2,5,4,FALSE,FALSE,2,NoCard,270,TRUE,
Mackenzie,31,234,B1,FALSE,TRUE,10,11,L1,A1,Both,Trench,30,22,72,69,2,Both,"COFUEL,PDEFENCE",FALSE,L3,A3,2,1,FALSE,FALSE,4,NoCard,270,TRUE,
Nathan,31,5010,R1,FALSE,TRUE,11,3,L1,A4,Ground,Trench,33,6,15,73,9,Ground,"COFUEL,PDEFENCE",FALSE,NO,NO,5,3,FALSE,FALSE,4,NoCard,250,FALSE,
Liam Welty ,30,1018,R2,FALSE,TRUE,6,6,L1,A1,Outpost,Trench,18,12,67,14,2,Outpost,"COFUEL,PDEFENCE",FALSE,L1,A1,4,5,FALSE,FALSE,2,NoCard,220,TRUE,
Cheryl,31,5188,R3,FALSE,TRUE,1,15,L1,A2,Ground,Trench,3,30,63,65,3,Ground,"COFUEL,PDEFENCE",FALSE,NO,NO,4,3,FALSE,FALSE,5,NoCard,250,FALSE,
Lonnie,31,10492,B2,FALSE,TRUE,14,5,L1,A3,Outpost,Trench,42,10,50,65,2,Outpost,"COFUEL,PDEFENCE",FALSE,L1,A1,5,5,FALSE,FALSE,3,NoCard,270,TRUE,6 rank points ; played def
Mackenzie,32,3176,B3,FALSE,TRUE,9,12,L1,A4,Both,Trench,27,24,4,16,6,Both,"COFUEL,PDEFENCE",FALSE,L2,A2,4,1,FALSE,FALSE,4,NoCard,270,TRUE,
Cheryl,32,4926,R1,FALSE,TRUE,15,9,L1,A1,Both,Trench,45,18,47,3,6,Both,"COFUEL,PDEFENCE",FALSE,L3,A3,3,3,FALSE,FALSE,6,NoCard,250,FALSE,
Lonnie,32,135,R2,FALSE,TRUE,4,13,L1,A3,Both,Trench,12,26,42,68,5,Both,"COFUEL,PDEFENCE",FALSE,NO,NO,1,1,FALSE,FALSE,4,NoCard,250,FALSE,
Nathan,32,10021,R3,FALSE,TRUE,16,12,L1,A1,Both,Trench,48,24,21,17,3,Both,"COFUEL,PDEFENCE",FALSE,L1,A1,1,4,FALSE,FALSE,2,NoCard,250,FALSE,
Kobe ,32,5402,B2,FALSE,TRUE,12,1,NO,NO,Both,Trench,36,2,65,23,5,Both,"COFUEL,PDEFENCE",FALSE,L2,A2,1,2,FALSE,FALSE,6,NoCard,270,TRUE,6 RP
Max,33,7657,B3,FALSE,TRUE,18,1,NO,NO,Both,Trench,54,2,17,57,7,Both,"COFUEL,PDEFENCE",FALSE,L3,A3,4,2,FALSE,FALSE,2,NoCard,156,FALSE,
Gavin,33,328,B1,FALSE,TRUE,6,2,NO,NO,Both,Trench,18,4,52,0,7,Both,"COFUEL,PDEFENCE",FALSE,NO,NO,1,2,FALSE,FALSE,5,NoCard,156,FALSE,
Cheryl,33,2197,R1,FALSE,TRUE,15,3,NO,NO,Both,Trench,45,6,15,7,5,Both,"COFUEL,PDEFENCE",FALSE,L1,A1,1,5,FALSE,FALSE,5,NoCard,220,TRUE,
Liam Welty ,33,7617,R2,FALSE,TRUE,20,2,NO,NO,Both,Trench,60,4,11,13,4,Both,"COFUEL,PDEFENCE",FALSE,L2,A2,5,5,FALSE,FALSE,5,NoCard,220,TRUE,6 rank points 
Lonnie,33,5484,R3,FALSE,TRUE,9,3,NO,NO,Both,Trench,27,6,26,74,2,Both,"COFUEL,PDEFENCE",FALSE,L3,A3,1,3,FALSE,FALSE,0,NoCard,220,TRUE,
Cheryl,35,829,B2,FALSE,TRUE,6,2,NO,NO,Both,Trench,18,4,49,14,0,Both,"COFUEL,PDEFENCE",FALSE,NO,NO,1,3,FALSE,FALSE,4,NoCard,270,TRUE,
Liam Welty ,35,868,B3,FALSE,TRUE,19,3,NO,NO,Both,Trench,57,6,46,18,8,Both,"COFUEL,PDEFENCE",FALSE,L1,A1,1,4,FALSE,FALSE,1,NoCard,270,TRUE,6 rank points 
Max,35,234,B1,FALSE,TRUE,9,3,NO,NO,Both,Trench,27,6,66,16,5,Both,"COFUEL,PDEFENCE",FALSE,L2,A2,4,2,FALSE,FALSE,3,NoCard,270,TRUE,
Nathan,35,6721,R1,FALSE,TRUE,6,19,NO,NO,Both,Trench,18,38,4,20,6,Both,"COFUEL,PDEFENCE",FALSE,L3,A3,4,3,FALSE,FALSE,4,NoCard,250,FALSE,Their intake ramp broke off so the climbed early 
Gavin,35,5010,R2,FALSE,TRUE,19,7,NO,NO,Both,Trench,57,14,11,59,9,Both,"COFUEL,PDEFENCE",FALSE,NO,NO,4,4,FALSE,FALSE,5,NoCard,250,FALSE,Played defense the whole match for some reason
Liam Welty ,34,45,R3,FALSE,TRUE,17,14,NO,NO,Both,Trench,51,28,17,71,9,Both,"COFUEL,PDEFENCE",FALSE,L1,A1,4,4,FALSE,FALSE,6,NoCard,250,FALSE,
Lonnie,34,292,B2,FALSE,TRUE,6,15,NO,NO,Both,Trench,18,30,25,1,8,Both,"COFUEL,PDEFENCE",FALSE,L2,A2,1,3,FALSE,FALSE,4,NoCard,270,TRUE,
Nathan,34,3487,B3,FALSE,TRUE,6,14,NO,NO,Both,Trench,18,28,62,25,2,Both,"COFUEL,PDEFENCE",FALSE,L3,A3,3,3,FALSE,FALSE,6,NoCard,270,TRUE,Im not gonna lie I started watching our robot but this should still be mostly right
Cheryl,34,3494,B1,FALSE,TRUE,3,17,L1,A4,Both,Trench,9,34,43,8,6,Both,"COFUEL,PDEFENCE",FALSE,NO,NO,1,3,FALSE,FALSE,4,NoCard,270,TRUE,
Gavin,34,2171,R1,FALSE,TRUE,17,19,L1,A1,Both,Trench,51,38,20,19,8,Both,"COFUEL,PDEFENCE",FALSE,L1,A1,2,4,FALSE,FALSE,2,NoCard,250,FALSE,Flipped on their side
Max,36,1018,R2,FALSE,TRUE,4,11,L1,A2,Both,Trench,12,22,25,5,8,Both,"COFUEL,PDEFENCE",FALSE,L2,A2,1,5,FALSE,FALSE,1,NoCard,220,TRUE,
Cheryl,36,10332,R3,FALSE,TRUE,2,2,L1,A3,Both,Trench,6,4,41,62,7,Both,"COFUEL,PDEFENCE",FALSE,L3,A3,1,3,FALSE,FALSE,1,NoCard,220,TRUE,
Gavin,36,7457,B2,FALSE,TRUE,18,5,L1,A4,Both,Trench,54,10,17,52,0,Both,"COFUEL,PDEFENCE",FALSE,NO,NO,4,5,FALSE,FALSE,5,NoCard,156,FALSE,All 6 RP
Nathan,36,6956,B3,FALSE,TRUE,10,14,L1,A1,Both,Trench,30,28,42,1,6,Both,"COFUEL,PDEFENCE",FALSE,L1,A1,3,3,FALSE,FALSE,5,NoCard,156,FALSE,
Liam Welty ,36,1501,B1,FALSE,TRUE,8,17,L1,A3,Both,Trench,24,34,16,12,7,Both,"COFUEL,PDEFENCE",FALSE,L2,A2,1,4,FALSE,FALSE,4,NoCard,156,FALSE,
Lonnie,35,1747,R1,FALSE,TRUE,8,11,L1,A1,Both,Trench,24,22,58,45,0,Both,"COFUEL,PDEFENCE",FALSE,L3,A3,1,2,FALSE,FALSE,1,NoCard,250,FALSE,
Lonnie,36,4272,R2,FALSE,TRUE,9,16,L1,A1,Both,Trench,27,32,34,2,0,Both,"COFUEL,PDEFENCE",FALSE,NO,NO,5,1,FALSE,FALSE,6,NoCard,220,TRUE,6 rank points
keira,37,10492,R3,FALSE,TRUE,3,10,F,F,Both,Trench,9,20,36,46,4,Both,"COFUEL,PDEFENCE",FALSE,L1,A1,5,1,FALSE,FALSE,5,NoCard,250,FALSE,
keira,39,292,B2,FALSE,TRUE,12,10,NO,NO,Both,Trench,36,20,29,74,0,Both,"COFUEL,PDEFENCE",FALSE,NO,NO,3,1,FALSE,FALSE,6,NoCard,156,FALSE,
keira,38,4485,B3,FALSE,TRUE,14,2,L1,A2,Both,Trench,42,4,69,8,7,Both,"COFUEL,PDEFENCE",FALSE,L1,A1,2,3,FALSE,FALSE,5,NoCard,270,TRUE,
keira,41,1018,B1,FALSE,TRUE,6,8,L1,A3,Both,Trench,18,16,9,39,3,Both,"COFUEL,PDEFENCE",FALSE,L2,A2,1,1,FALSE,FALSE,4,NoCard,270,TRUE,
keira,42,447,R1,FALSE,TRUE,3,4,L1,A4,Both,Trench,9,8,70,24,0,Both,"COFUEL,PDEFENCE",FALSE,L3,A3,5,1,FALSE,FALSE,3,NoCard,220,TRUE,
Kobe ,43,135,R2,FALSE,TRUE,10,17,L1,A1,Both,Trench,30,34,46,44,6,Both,"COFUEL,PDEFENCE",FALSE,NO,NO,1,4,FALSE,FALSE,6,NoCard,250,FALSE,6 RP
Nathan,43,3494,R3,FALSE,TRUE,11,11,L1,A2,Both,Trench,33,22,51,37,6,Both,"COFUEL,PDEFENCE",FALSE,L1,A1,4,1,FALSE,FALSE,6,NoCard,250,FALSE,Got disabled at the beginning of the match after auto ended
Liam Welty ,43,3940,B2,FALSE,TRUE,15,6,L1,A3,Both,Trench,45,12,30,52,9,Both,"COFUEL,PDEFENCE",FALSE,L2,A2,2,1,FALSE,FALSE,1,NoCard,270,TRUE,
Mackenzie,43,1747,B3,FALSE,TRUE,13,7,L1,A4,Both,Trench,39,14,45,25,5,Both,"COFUEL,PDEFENCE",FALSE,L3,A3,2,3,FALSE,FALSE,5,NoCard,270,TRUE,Semi-effective Defense. 
Jayden,43,7617,B1,FALSE,TRUE,11,4,L1,A1,Both,Both,33,8,3,35,1,Both,"COFUEL,PDEFENCE",FALSE,NO,NO,5,4,FALSE,FALSE,5,NoCard,270,TRUE,
Kobe ,42,8430,R1,FALSE,TRUE,3,15,L1,A3,Both,Both,9,30,44,48,6,Both,"COFUEL,PDEFENCE",FALSE,L1,A1,1,4,FALSE,FALSE,2,NoCard,220,TRUE,
Nathan,42,3176,R2,FALSE,TRUE,7,9,L1,A2,Both,Both,21,18,14,70,7,Both,"COFUEL,PDEFENCE",FALSE,L2,A2,1,5,FALSE,FALSE,3,NoCard,220,TRUE,
Liam Welty ,42,7454,R3,FALSE,TRUE,7,18,L1,A3,Both,Both,21,36,72,43,4,Both,"COFUEL,PDEFENCE",FALSE,L3,A3,1,2,FALSE,FALSE,0,NoCard,220,TRUE,
Jayden,42,5402,B2,FALSE,TRUE,16,17,L1,A4,Both,Both,48,34,65,73,6,Both,"COFUEL,PDEFENCE",FALSE,NO,NO,2,3,FALSE,FALSE,6,NoCard,156,FALSE,
Liam Welty ,41,2171,B3,FALSE,TRUE,10,14,L1,A1,Both,Both,30,28,16,32,5,Both,"COFUEL,PDEFENCE",FALSE,L1,A1,2,2,FALSE,FALSE,1,NoCard,270,TRUE,6 ranking points 
Kobe ,41,10332,B1,FALSE,TRUE,7,15,L1,A2,Both,Both,21,30,52,37,1,Both,"COFUEL,PDEFENCE",FALSE,L2,A2,5,1,FALSE,FALSE,2,NoCard,270,TRUE,Played defense because coral in robot 
Nathan,41,6956,R1,FALSE,TRUE,8,9,L1,A3,Both,Both,24,18,24,55,3,Both,"COFUEL,PDEFENCE",FALSE,L3,A3,2,1,FALSE,FALSE,4,NoCard,250,FALSE,Takes them a while to line up when scoring the coral.
Jayden,41,1741,R2,FALSE,TRUE,17,12,L1,A4,Ground,Both,51,24,4,52,5,Ground,"COFUEL,PDEFENCE",FALSE,NO,NO,2,1,FALSE,FALSE,1,NoCard,250,FALSE,
Mackenzie,41,2197,R3,FALSE,TRUE,11,17,L1,A1,Outpost,Both,33,34,20,23,3,Outpost,"COFUEL,PDEFENCE",FALSE,L1,A1,5,1,FALSE,FALSE,2,NoCard,250,FALSE,
Kobe ,40,45,B2,FALSE,TRUE,20,20,L1,A3,Ground,Both,60,40,4,52,5,Ground,"COFUEL,PDEFENCE",FALSE,L2,A2,2,4,FALSE,FALSE,6,NoCard,270,TRUE,6RP
Gavin,39,234,B3,FALSE,TRUE,10,14,L1,A1,Outpost,Both,30,28,28,56,6,Outpost,"COFUEL,PDEFENCE",FALSE,L3,A3,5,4,FALSE,FALSE,0,NoCard,156,FALSE,All 6 RP
Nathan,40,328,B1,FALSE,TRUE,3,20,L1,A4,Both,Both,9,40,42,15,4,Both,"COFUEL,PDEFENCE",FALSE,NO,NO,2,5,FALSE,FALSE,5,NoCard,270,TRUE,
Max,40,10021,R1,FALSE,TRUE,10,17,L1,A1,Both,Both,30,34,24,9,0,Both,"COFUEL,PDEFENCE",FALSE,L1,A1,4,1,FALSE,FALSE,3,NoCard,250,FALSE, 
Gavin,40,4272,R2,FALSE,TRUE,7,16,L1,A2,Both,Both,21,32,37,25,9,Both,"COFUEL,PDEFENCE",FALSE,L2,A2,5,1,FALSE,FALSE,1,NoCard,250,FALSE,All 6 RP
Liam Welty ,40,1510,R3,FALSE,TRUE,9,12,L1,A3,Both,Both,27,24,45,69,2,Both,"COFUEL,PDEFENCE",FALSE,L3,A3,2,2,FALSE,FALSE,3,NoCard,250,FALSE,
Nathan,39,829,B2,FALSE,TRUE,11,11,L1,A4,Both,Both,33,22,74,66,9,Both,"COFUEL,PDEFENCE",FALSE,NO,NO,1,5,FALSE,FALSE,4,NoCard,156,FALSE,
Max,39,3484,B3,FALSE,TRUE,19,12,L1,A1,Both,Both,57,24,67,62,7,Both,"COFUEL,PDEFENCE",FALSE,L1,A1,3,1,FALSE,FALSE,4,NoCard,156,FALSE,
Kobe ,39,1024,B1,FALSE,TRUE,10,18,L1,A3,Both,Both,30,36,13,68,9,Both,"COFUEL,PDEFENCE",FALSE,L2,A2,3,4,FALSE,FALSE,4,NoCard,156,FALSE,6 RP
Liam Welty ,39,4926,R1,FALSE,TRUE,15,10,L1,A1,Both,Both,45,20,30,56,5,Both,"COFUEL,PDEFENCE",FALSE,L3,A3,3,4,FALSE,FALSE,2,NoCard,220,TRUE,
Nathan,38,3940,R2,FALSE,TRUE,1,16,NO,NO,Both,Both,3,32,14,17,3,Both,"COFUEL,PDEFENCE",FALSE,NO,NO,4,4,FALSE,FALSE,2,NoCard,250,FALSE,
Kobe ,38,7454,R3,FALSE,TRUE,8,1,NO,NO,Both,Both,24,2,14,33,0,Both,"COFUEL,PDEFENCE",FALSE,L1,A1,4,5,FALSE,FALSE,5,NoCard,250,FALSE,
Liam Welty ,38,5402,B2,FALSE,TRUE,20,3,NO,NO,Both,Both,60,6,30,39,1,Both,"COFUEL,PDEFENCE",FALSE,L2,A2,4,2,FALSE,FALSE,5,NoCard,270,TRUE,
Gavin,38,5188,B3,FALSE,TRUE,17,20,NO,NO,Both,Both,51,40,62,39,7,Both,"COFUEL,PDEFENCE",FALSE,NO,NO,4,2,FALSE,FALSE,4,NoCard,270,TRUE,
Kobe ,37,461,B1,FALSE,TRUE,14,14,NO,NO,Both,Both,42,28,70,66,4,Both,"COFUEL,PDEFENCE",FALSE,L1,A1,2,5,FALSE,FALSE,1,NoCard,270,TRUE,6 RP
Gavin,37,1741,R1,FALSE,TRUE,2,20,NO,NO,Both,Both,6,40,8,15,7,Both,"COFUEL,PDEFENCE",FALSE,L2,A2,3,4,FALSE,FALSE,2,NoCard,250,FALSE,All 6 RP
Nathan,37,8103,R2,FALSE,TRUE,2,12,NO,NO,Both,Both,6,24,43,14,9,Both,"COFUEL,PDEFENCE",FALSE,L3,A3,5,1,FALSE,FALSE,2,NoCard,250,FALSE,I think they got stuck at the end 
Max,37,3176,R3,FALSE,TRUE,17,8,NO,NO,Both,Both,51,16,43,50,8,Both,"COFUEL,PDEFENCE",FALSE,NO,NO,4,5,FALSE,FALSE,4,NoCard,250,FALSE,
Liam Welty ,37,447,B2,FALSE,TRUE,11,6,NO,NO,Both,Both,33,12,1,32,1,Both,"COFUEL,PDEFENCE",FALSE,L1,A1,2,5,FALSE,FALSE,4,NoCard,270,TRUE,
keira,43,868,B3,FALSE,TRUE,17,8,NO,NO,Both,Both,51,16,51,0,7,Both,"COFUEL,PDEFENCE",FALSE,L2,A2,5,3,FALSE,FALSE,6,NoCard,270,TRUE,
keira,44,3487,B1,FALSE,TRUE,11,16,NO,NO,Both,Both,33,32,73,17,9,Both,"COFUEL,PDEFENCE",FALSE,L3,A3,2,3,FALSE,FALSE,0,NoCard,270,TRUE,
Jayden,44,6721,R1,FALSE,TRUE,17,8,NO,NO,Both,Both,51,16,63,37,0,Both,"COFUEL,PDEFENCE",FALSE,NO,NO,4,5,FALSE,FALSE,6,NoCard,250,FALSE,
Liam Welty ,44,5188,R2,FALSE,TRUE,1,13,NO,NO,Both,Both,3,26,19,74,3,Both,"COFUEL,PDEFENCE",FALSE,L1,A1,1,4,FALSE,FALSE,2,NoCard,250,FALSE,
Kobe ,44,4485,R3,FALSE,TRUE,12,10,NO,NO,Both,Both,36,20,20,62,9,Both,"COFUEL,PDEFENCE",FALSE,L2,A2,4,1,FALSE,FALSE,0,NoCard,250,FALSE,
Nathan,44,461,B2,FALSE,TRUE,19,10,L1,A2,Both,Both,57,20,10,73,6,Both,"COFUEL,PDEFENCE",FALSE,L3,A3,5,2,FALSE,FALSE,0,NoCard,270,TRUE,
Mackenzie,45,8103,B3,FALSE,TRUE,1,1,L1,A3,Both,Both,3,2,70,24,0,Both,"COFUEL,PDEFENCE",FALSE,NO,NO,5,2,FALSE,FALSE,6,NoCard,156,FALSE,
Liam Welty ,45,2171,B1,FALSE,TRUE,12,20,L1,A4,Both,Both,36,40,65,47,7,Both,"COFUEL,PDEFENCE",FALSE,L1,A1,2,3,FALSE,FALSE,1,NoCard,156,FALSE,
Kobe ,45,1741,R1,FALSE,TRUE,15,1,L1,A1,Both,Both,45,2,62,11,7,Both,"COFUEL,PDEFENCE",FALSE,L2,A2,3,1,FALSE,FALSE,3,NoCard,220,TRUE,6 RP
Nathan,45,328,R2,FALSE,TRUE,4,19,L1,A2,Both,Both,12,38,39,64,9,Both,"COFUEL,PDEFENCE",FALSE,L3,A3,5,3,FALSE,FALSE,2,NoCard,220,TRUE,
Mackenzie,44,7457,R3,FALSE,TRUE,5,8,L1,A3,Both,Both,15,16,24,44,1,Both,"COFUEL,PDEFENCE",FALSE,NO,NO,3,2,FALSE,FALSE,1,NoCard,250,FALSE,
Liam Welty ,46,7454,B2,FALSE,TRUE,12,16,L1,A4,Both,Both,36,32,15,11,3,Both,"COFUEL,PDEFENCE",FALSE,L1,A1,1,3,FALSE,FALSE,2,NoCard,270,TRUE,
Mackenzie,46,4926,B3,FALSE,TRUE,13,10,L1,A1,Both,Both,39,20,52,52,8,Both,"COFUEL,PDEFENCE",FALSE,L2,A2,1,2,FALSE,FALSE,3,NoCard,270,TRUE,
Kobe ,46,7657,R1,FALSE,TRUE,12,2,L1,A3,Both,Both,36,4,1,38,6,Both,"COFUEL,PDEFENCE",FALSE,L3,A3,2,2,FALSE,FALSE,6,NoCard,250,FALSE,Played defense 
Nathan,46,1018,R2,FALSE,TRUE,13,19,F,A2,Both,Both,39,38,26,49,9,Both,"COFUEL,PDEFENCE",FALSE,NO,NO,2,5,FALSE,FALSE,4,NoCard,250,FALSE,Coral got stuck in their robot during auto and they couldnt get it out
Mackenzie,47,829,R3,FALSE,TRUE,17,12,NO,NO,Both,Both,51,24,69,16,8,Both,"COFUEL,PDEFENCE",FALSE,L1,A1,1,5,FALSE,FALSE,2,NoCard,250,FALSE,
Liam Welty ,47,829,B2,FALSE,TRUE,16,14,L1,A4,Both,Both,48,28,7,29,4,Both,"COFUEL,PDEFENCE",FALSE,L2,A2,4,3,FALSE,FALSE,0,NoCard,270,TRUE,
Kobe ,47,6956,B3,FALSE,TRUE,17,4,L1,A1,Both,Both,51,8,45,63,5,Both,"COFUEL,PDEFENCE",FALSE,L3,A3,1,3,FALSE,FALSE,3,NoCard,270,TRUE,6 RP
Nathan,47,5402,B1,FALSE,TRUE,8,14,L1,A2,Both,Both,24,28,32,24,8,Both,"COFUEL,PDEFENCE",FALSE,NO,NO,2,1,FALSE,FALSE,4,NoCard,270,TRUE,
Liam Welty ,48,7457,R1,FALSE,TRUE,15,4,L1,A3,Both,No,45,8,68,70,2,Both,"COFUEL,PDEFENCE",FALSE,L1,A1,4,3,FALSE,FALSE,1,NoCard,220,TRUE,6 rank points 
Jayden,48,5010,R2,FALSE,TRUE,15,15,L1,A4,Both,Both,45,30,42,26,4,Both,"COFUEL,PDEFENCE",FALSE,L2,A2,5,5,FALSE,FALSE,4,NoCard,220,TRUE,
Mackenzie,48,3487,R3,FALSE,TRUE,12,17,L1,A1,Both,Both,36,34,29,3,1,Both,"COFUEL,PDEFENCE",FALSE,L3,A3,2,4,FALSE,FALSE,2,NoCard,220,TRUE,
Kobe ,48,3176,B2,FALSE,TRUE,13,14,L1,A3,Both,Both,39,28,40,2,7,Both,"COFUEL,PDEFENCE",FALSE,NO,NO,3,4,FALSE,FALSE,0,NoCard,156,FALSE,
Nathan,48,7617,B3,FALSE,TRUE,1,10,L1,A1,Both,Both,3,20,64,66,7,Both,"COFUEL,PDEFENCE",FALSE,L1,A1,4,1,FALSE,FALSE,2,NoCard,156,FALSE,
Gavin,49,10332,B1,FALSE,TRUE,14,16,L1,A4,Both,Both,42,32,43,37,9,Both,"COFUEL,PDEFENCE",FALSE,L2,A2,4,1,FALSE,FALSE,3,NoCard,270,TRUE,
Cheryl,49,1747,R1,FALSE,TRUE,11,16,L1,A1,Both,Both,33,32,7,68,5,Both,"COFUEL,PDEFENCE",FALSE,L3,A3,2,3,FALSE,FALSE,6,NoCard,250,FALSE,
Liam Welty ,49,10332,R2,FALSE,TRUE,4,4,L1,A2,Both,Both,12,8,72,17,0,Both,"COFUEL,PDEFENCE",FALSE,NO,NO,4,2,FALSE,FALSE,3,NoCard,250,FALSE,
Lonnie,49,8103,R3,FALSE,TRUE,2,11,L1,A3,Ground,Both,6,22,67,35,1,Ground,"COFUEL,PDEFENCE",FALSE,L1,A1,5,3,FALSE,FALSE,3,NoCard,250,FALSE,was disabled the whole game
Nathan,49,4485,B2,FALSE,TRUE,6,5,L1,A4,Outpost,Both,18,10,54,13,9,Outpost,"COFUEL,PDEFENCE",FALSE,L2,A2,5,3,FALSE,FALSE,3,NoCard,270,TRUE,
Gavin,50,4272,B3,FALSE,TRUE,11,15,L1,A1,Ground,Both,33,30,44,67,0,Ground,"COFUEL,PDEFENCE",FALSE,L3,A3,4,1,FALSE,FALSE,6,NoCard,270,TRUE,All 6 RP
Nathan,50,2197,B1,FALSE,TRUE,20,3,L1,A3,Outpost,Both,60,6,67,15,5,Outpost,"COFUEL,PDEFENCE",FALSE,NO,NO,3,2,FALSE,FALSE,2,NoCard,270,TRUE,
Cheryl,50,1501,R1,FALSE,TRUE,13,7,L1,A1,Both,Both,39,14,63,2,4,Both,"COFUEL,PDEFENCE",FALSE,L1,A1,5,3,FALSE,FALSE,4,NoCard,250,FALSE,
Liam Welty ,50,135,R2,FALSE,TRUE,5,17,L1,A4,Both,Both,15,34,10,5,7,Both,"COFUEL,PDEFENCE",FALSE,L2,A2,3,2,FALSE,FALSE,0,NoCard,250,FALSE,
Max,51,5484,R3,FALSE,TRUE,8,15,L1,A1,Both,Both,24,30,13,54,9,Both,"COFUEL,PDEFENCE",FALSE,L3,A3,5,5,FALSE,FALSE,3,NoCard,220,TRUE,
Cheryl,51,829,B2,FALSE,TRUE,17,2,L1,A2,Both,Both,51,4,8,26,5,Both,"COFUEL,PDEFENCE",FALSE,NO,NO,1,5,FALSE,FALSE,3,NoCard,156,FALSE,
Nathan,51,10021,B3,FALSE,TRUE,12,3,L1,A3,Both,Both,36,6,70,22,8,Both,"COFUEL,PDEFENCE",FALSE,L1,A1,1,5,FALSE,FALSE,6,NoCard,156,FALSE,
Liam Welty ,51,447,B1,FALSE,TRUE,12,4,L1,A4,Both,Both,36,8,16,18,3,Both,"COFUEL,PDEFENCE",FALSE,L2,A2,5,1,FALSE,FALSE,5,NoCard,156,FALSE,
Gavin,51,6721,R1,FALSE,TRUE,4,2,L1,A1,Both,Both,12,4,8,17,1,Both,"COFUEL,PDEFENCE",FALSE,L3,A3,2,1,FALSE,FALSE,5,NoCard,220,TRUE,All 6 RP
Lonnie,51,3940,R2,FALSE,TRUE,6,11,L1,A3,Both,Both,18,22,18,2,8,Both,"COFUEL,PDEFENCE",FALSE,NO,NO,2,1,FALSE,FALSE,4,NoCard,220,TRUE,6 rank points
Gavin,52,8430,R3,FALSE,TRUE,6,16,L1,A1,Both,Both,18,32,4,32,5,Both,"COFUEL,PDEFENCE",FALSE,L1,A1,5,1,FALSE,FALSE,2,NoCard,250,FALSE,
Cheryl,52,7457,B2,FALSE,TRUE,17,2,L1,A4,Both,Both,51,4,33,5,0,Both,"COFUEL,PDEFENCE",FALSE,L2,A2,1,3,FALSE,FALSE,3,NoCard,270,TRUE,
Liam Welty ,52,868,B3,FALSE,TRUE,10,2,L1,A1,Both,Both,30,4,11,40,4,Both,"COFUEL,PDEFENCE",FALSE,L3,A3,2,2,FALSE,FALSE,3,NoCard,270,TRUE,6 rank points 
Audrey,52,45,B1,FALSE,TRUE,10,6,L1,A2,Both,Both,30,12,68,9,9,Both,"COFUEL,PDEFENCE",FALSE,NO,NO,4,4,FALSE,FALSE,1,NoCard,270,TRUE,6 rank points 
Lonnie,52,2171,R1,FALSE,TRUE,20,9,NO,NO,Both,Both,60,18,62,56,0,Both,"COFUEL,PDEFENCE",FALSE,L1,A1,4,2,FALSE,FALSE,1,NoCard,250,FALSE,
Cheryl,53,1741,R2,FALSE,TRUE,9,7,NO,NO,Both,Both,27,14,56,34,6,Both,"COFUEL,PDEFENCE",FALSE,L2,A2,2,2,FALSE,FALSE,0,NoCard,250,FALSE,
serenity ,53,10332,R3,FALSE,TRUE,3,10,NO,NO,Both,Both,9,20,48,37,5,Both,"COFUEL,PDEFENCE",FALSE,L3,A3,5,1,FALSE,FALSE,5,NoCard,250,FALSE,
Audrey,53,6956,B2,FALSE,TRUE,10,6,NO,NO,Both,Both,30,12,13,29,3,Both,"COFUEL,PDEFENCE",FALSE,NO,NO,1,4,FALSE,FALSE,2,NoCard,270,TRUE,
Gavin,53,5010,B3,FALSE,TRUE,6,8,NO,NO,Both,Both,18,16,43,12,1,Both,"COFUEL,PDEFENCE",FALSE,L1,A1,4,2,FALSE,FALSE,6,NoCard,270,TRUE,All 6 RP
Lonnie,53,4926,B1,FALSE,TRUE,8,14,NO,NO,Both,Both,24,28,36,16,5,Both,"COFUEL,PDEFENCE",FALSE,L2,A2,2,5,FALSE,FALSE,6,NoCard,270,TRUE,6 rank points
Audrey,22,2171,R1,FALSE,TRUE,15,2,NO,NO,Both,Both,45,4,65,22,5,Both,"COFUEL,PDEFENCE",FALSE,L3,A3,1,2,FALSE,FALSE,2,NoCard,250,FALSE,
Kobe ,54,1501,R2,FALSE,TRUE,12,11,NO,NO,Both,Both,36,22,33,19,7,Both,"COFUEL,PDEFENCE",FALSE,NO,NO,3,1,FALSE,FALSE,3,NoCard,220,TRUE,
Liam Welty ,54,3494,R3,FALSE,TRUE,5,19,NO,NO,Both,Both,15,38,37,50,1,Both,"COFUEL,PDEFENCE",FALSE,L1,A1,3,3,FALSE,FALSE,0,NoCard,220,TRUE,
Najiya ,54,5188,B2,FALSE,TRUE,17,11,NO,NO,Both,Both,51,22,61,72,0,Both,"COFUEL,PDEFENCE",FALSE,NO,NO,3,2,FALSE,FALSE,0,NoCard,156,FALSE,Got stuck over the algae
Bradyn,54,1501,B3,FALSE,TRUE,13,15,NO,NO,Both,Both,39,30,32,12,2,Both,"COFUEL,PDEFENCE",FALSE,L1,A1,3,1,FALSE,FALSE,3,NoCard,156,FALSE,
Kobe ,55,1018,B1,FALSE,TRUE,9,20,NO,NO,Both,Both,27,40,36,18,9,Both,"COFUEL,PDEFENCE",FALSE,L2,A2,5,2,FALSE,FALSE,5,NoCard,270,TRUE,
Liam Welty ,55,1024,R1,FALSE,TRUE,19,20,NO,NO,Both,Both,57,40,14,59,5,Both,"COFUEL,PDEFENCE",FALSE,L3,A3,3,4,FALSE,FALSE,2,NoCard,250,FALSE,
Najiya ,55,5484,R2,FALSE,TRUE,12,18,NO,NO,Both,Both,36,36,16,35,2,Both,"COFUEL,PDEFENCE",FALSE,NO,NO,3,3,FALSE,FALSE,6,NoCard,250,FALSE,Played defense at the end. But a really good robot
Bradyn,55,1018,R3,FALSE,TRUE,4,6,L1,A3,Both,Both,12,12,33,38,4,Both,"COFUEL,PDEFENCE",FALSE,L1,A1,1,1,FALSE,FALSE,0,NoCard,250,FALSE,
Liam Welty ,56,8103,B2,FALSE,TRUE,2,14,L1,A1,Both,Both,6,28,37,42,2,Both,"COFUEL,PDEFENCE",FALSE,L2,A2,2,3,FALSE,FALSE,3,NoCard,270,TRUE,
Najiya ,56,7657,B3,FALSE,TRUE,3,6,L1,A4,Both,Both,9,12,17,44,1,Both,"COFUEL,PDEFENCE",FALSE,L3,A3,5,3,FALSE,FALSE,2,NoCard,270,TRUE,
Kobe ,56,5402,B1,FALSE,TRUE,14,2,L1,A1,Both,Both,42,4,26,15,0,Both,"COFUEL,PDEFENCE",FALSE,NO,NO,5,4,FALSE,FALSE,4,NoCard,270,TRUE,6 RP
Bradyn,56,5402,R1,FALSE,TRUE,9,17,L1,A2,Both,Both,27,34,50,41,7,Both,"COFUEL,PDEFENCE",FALSE,L1,A1,1,5,FALSE,FALSE,6,NoCard,250,FALSE,6
Vadim,54,292,R2,FALSE,TRUE,6,17,L1,A3,Both,Both,18,34,73,26,7,Both,"COFUEL,PDEFENCE",FALSE,L2,A2,2,5,FALSE,FALSE,5,NoCard,220,TRUE,Smooth
Vadim,55,10492,R3,FALSE,TRUE,6,20,L1,A4,Both,Both,18,40,57,46,3,Both,"COFUEL,PDEFENCE",FALSE,L3,A3,4,3,FALSE,FALSE,3,NoCard,250,FALSE,Kit bot.
Vadim,56,234,B2,FALSE,TRUE,14,19,L1,A1,Both,Both,42,38,28,13,3,Both,"COFUEL,PDEFENCE",FALSE,NO,NO,5,4,FALSE,FALSE,2,NoCard,270,TRUE,For some reason did and failed L1s.
Liam Welty ,57,1747,B3,FALSE,TRUE,8,1,L1,A3,Both,Both,24,2,59,72,0,Both,"COFUEL,PDEFENCE",FALSE,L1,A1,3,3,FALSE,FALSE,4,NoCard,156,FALSE,
Najiya ,57,447,B1,FALSE,TRUE,7,12,F,A1,Both,Both,21,24,67,65,2,Both,"COFUEL,PDEFENCE",FALSE,L2,A2,4,1,FALSE,FALSE,2,NoCard,156,FALSE,
Kobe ,57,3487,R1,FALSE,TRUE,20,12,NO,A4,Both,Both,60,24,5,41,0,Both,"COFUEL,PDEFENCE",FALSE,L3,A3,1,3,FALSE,FALSE,1,NoCard,220,TRUE,6 RP
Bradyn,57,3487,R2,FALSE,TRUE,17,14,L1,A1,Both,Both,51,28,41,4,7,Both,"COFUEL,PDEFENCE",FALSE,NO,NO,2,5,FALSE,FALSE,4,NoCard,220,TRUE,6
Liam Welty ,58,829,R3,FALSE,TRUE,2,7,L1,A2,Both,Both,6,14,3,67,9,Both,"COFUEL,PDEFENCE",FALSE,L1,A1,1,5,FALSE,FALSE,2,NoCard,250,FALSE,
Najiya ,58,4485,B2,FALSE,TRUE,6,1,L1,A3,Both,Both,18,2,26,61,5,Both,"COFUEL,PDEFENCE",FALSE,L2,A2,1,3,FALSE,FALSE,3,NoCard,270,TRUE,
Bradyn,58,6956,B3,FALSE,TRUE,3,5,L1,A1,Both,Both,9,10,1,1,0,Both,"COFUEL,PDEFENCE",FALSE,L3,A3,1,5,FALSE,FALSE,3,NoCard,270,TRUE,Defence
Kobe ,58,6956,B1,FALSE,TRUE,9,14,L1,A4,Both,Both,27,28,61,57,0,Both,"COFUEL,PDEFENCE",FALSE,NO,NO,2,3,FALSE,FALSE,3,NoCard,270,TRUE,
Jonah Hodson,58,5010,R1,FALSE,TRUE,10,8,L1,A1,Both,Both,30,16,45,51,8,Both,"COFUEL,PDEFENCE",FALSE,L1,A1,3,4,FALSE,FALSE,0,NoCard,250,FALSE,Had only 5 seconds to deep climb
Jonah Hodson,56,461,R2,FALSE,TRUE,1,9,L1,A2,Both,Both,3,18,42,47,0,Both,"COFUEL,PDEFENCE",FALSE,L2,A2,5,5,FALSE,FALSE,6,NoCard,250,FALSE,Was awarded 6 ranking points
Bradyn,59,45,R3,FALSE,TRUE,1,4,L1,A3,Ground,Both,3,8,40,58,9,Ground,"COFUEL,PDEFENCE",FALSE,L3,A3,1,2,FALSE,FALSE,0,NoCard,250,FALSE,
Kobe ,59,45,B2,FALSE,TRUE,19,8,L1,A4,Outpost,Both,57,16,26,32,7,Outpost,"COFUEL,PDEFENCE",FALSE,NO,NO,5,2,FALSE,FALSE,0,NoCard,270,TRUE,
Liam Welty ,59,1741,B3,FALSE,TRUE,13,20,L1,A1,Ground,Both,39,40,6,50,2,Ground,"COFUEL,PDEFENCE",FALSE,L1,A1,1,1,FALSE,FALSE,2,NoCard,270,TRUE,6 rank points 
Vadim,57,135,B1,FALSE,TRUE,16,11,L1,A3,Outpost,Both,48,22,69,47,3,Outpost,"COFUEL,PDEFENCE",FALSE,L2,A2,2,4,FALSE,FALSE,3,NoCard,156,FALSE,6 Ranking Points!
Vadim,58,7454,R1,FALSE,TRUE,19,13,L1,A1,Both,Both,57,26,63,70,5,Both,"COFUEL,PDEFENCE",FALSE,L3,A3,4,3,FALSE,FALSE,2,NoCard,250,FALSE,.
Vadim,59,5484,R2,FALSE,TRUE,18,8,L1,A4,Both,Both,54,16,59,55,7,Both,"COFUEL,PDEFENCE",FALSE,NO,NO,1,2,FALSE,FALSE,6,NoCard,250,FALSE,Very slow. Pretty imprecise too.
Najiya ,59,7457,R3,FALSE,TRUE,14,3,L1,A1,Both,Both,42,6,34,21,3,Both,"COFUEL,PDEFENCE",FALSE,L1,A1,2,1,FALSE,FALSE,6,NoCard,250,FALSE,Ranking point *6*
Jonah Hodson,59,10332,B2,FALSE,TRUE,8,3,L1,A2,Both,Both,24,6,11,18,4,Both,"COFUEL,PDEFENCE",FALSE,NO,NO,1,5,FALSE,FALSE,6,NoCard,270,TRUE,
Kobe ,60,1018,B3,FALSE,TRUE,1,15,L1,A3,Both,Both,3,30,33,46,1,Both,"COFUEL,PDEFENCE",FALSE,L1,A1,4,5,FALSE,FALSE,4,NoCard,156,FALSE,
Bradyn,60,1018,B1,FALSE,TRUE,16,6,L1,A1,Both,Both,48,12,1,4,5,Both,"COFUEL,PDEFENCE",FALSE,L2,A2,1,2,FALSE,FALSE,0,NoCard,156,FALSE,
Liam Welty ,60,292,R1,FALSE,TRUE,13,6,L1,A4,Both,Both,39,12,19,42,5,Both,"COFUEL,PDEFENCE",FALSE,L3,A3,5,2,FALSE,FALSE,0,NoCard,220,TRUE,Elevator broke
Vadim,60,8430,R2,FALSE,TRUE,5,17,L1,A1,Both,Both,15,34,20,50,2,Both,"COFUEL,PDEFENCE",FALSE,NO,NO,5,2,FALSE,FALSE,6,NoCard,220,TRUE,Slightly modified kit.
Jonah Hodson,60,10021,R3,FALSE,TRUE,9,1,L1,A2,Both,Both,27,2,1,23,8,Both,"COFUEL,PDEFENCE",FALSE,L1,A1,2,4,FALSE,FALSE,3,Yellow,220,TRUE,Has a very slow coral outtake.
Najiya ,60,7617,B2,FALSE,TRUE,8,15,L1,A3,Both,Both,24,30,32,15,2,Both,"COFUEL,PDEFENCE",FALSE,L2,A2,4,4,FALSE,FALSE,5,Red,156,FALSE,
Bradyn,61,868,B3,FALSE,TRUE,18,5,L1,A4,Both,Both,54,10,53,61,4,Both,"COFUEL,PDEFENCE",FALSE,L3,A3,1,1,FALSE,FALSE,5,NoCard,270,TRUE,6
Liam Welty ,61,6721,R1,FALSE,TRUE,18,1,L1,A1,Both,Both,54,2,10,52,3,Both,"COFUEL,PDEFENCE",FALSE,NO,NO,5,3,FALSE,FALSE,1,NoCard,250,FALSE,
Kobe ,61,868,R2,FALSE,TRUE,16,3,L1,A3,Both,Both,48,6,9,43,0,Both,"COFUEL,PDEFENCE",FALSE,L1,A1,2,4,FALSE,FALSE,4,NoCard,250,FALSE,6RP
Najiya ,61,4272,R3,FALSE,TRUE,11,5,L1,A1,Both,Both,33,10,28,39,7,Both,"COFUEL,PDEFENCE",FALSE,L2,A2,3,1,FALSE,FALSE,2,NoCard,250,FALSE,Ranking point 3
Vadim,61,1024,B2,FALSE,TRUE,10,14,L1,A4,Both,Both,30,28,68,36,3,Both,"COFUEL,PDEFENCE",FALSE,L3,A3,5,5,FALSE,FALSE,4,NoCard,270,TRUE,6 RANKING POINTS!
Jonah Hodson,61,3494,B3,FALSE,TRUE,9,13,L1,A1,Both,Both,27,26,15,42,9,Both,"COFUEL,PDEFENCE",FALSE,NO,NO,2,2,FALSE,FALSE,3,NoCard,270,TRUE,6 ranking points
serenity ,62,7657,B1,FALSE,TRUE,11,20,NO,A2,Both,Both,33,40,50,49,6,Both,"COFUEL,PDEFENCE",FALSE,L1,A1,4,2,FALSE,FALSE,2,NoCard,270,TRUE,
Lonnie,62,234,R1,FALSE,TRUE,5,17,NO,NO,Both,Both,15,34,0,37,5,Both,"COFUEL,PDEFENCE",FALSE,L2,A2,2,5,FALSE,FALSE,6,NoCard,250,FALSE,
Cheryl,62,135,R2,FALSE,TRUE,4,19,NO,NO,Both,Both,12,38,44,54,7,Both,"COFUEL,PDEFENCE",FALSE,L3,A3,2,5,FALSE,FALSE,3,NoCard,250,FALSE,
Audrey,62,3487,R3,FALSE,TRUE,8,5,NO,NO,Both,Both,24,10,42,60,4,Both,"COFUEL,PDEFENCE",FALSE,NO,NO,4,5,FALSE,FALSE,5,NoCard,250,FALSE,
Jayden,62,447,B2,FALSE,TRUE,11,18,NO,NO,Both,Both,33,36,28,19,9,Both,"COFUEL,PDEFENCE",FALSE,L1,A1,1,2,FALSE,FALSE,4,NoCard,270,TRUE,"Primarily goes algae, scores starting coral"
Cheryl,63,4926,B3,FALSE,TRUE,6,18,NO,NO,Both,Both,18,36,71,52,9,Both,"COFUEL,PDEFENCE",FALSE,L2,A2,3,4,FALSE,FALSE,3,NoCard,156,FALSE,
serenity ,63,1747,B1,FALSE,TRUE,15,14,NO,NO,Both,Both,45,28,62,30,8,Both,"COFUEL,PDEFENCE",FALSE,L3,A3,3,4,FALSE,FALSE,1,NoCard,156,FALSE,
Lonnie,63,3940,R1,FALSE,TRUE,4,1,NO,NO,Both,Both,12,2,61,2,4,Both,"COFUEL,PDEFENCE",FALSE,NO,NO,4,3,FALSE,FALSE,1,NoCard,220,TRUE,
Jayden,63,1501,R2,FALSE,TRUE,11,6,NO,NO,Both,Both,33,12,31,55,5,Both,"COFUEL,PDEFENCE",FALSE,L1,A1,5,3,FALSE,FALSE,1,NoCard,220,TRUE,
Audrey,63,2197,R3,FALSE,TRUE,17,8,NO,NO,Both,Both,51,16,73,53,2,Both,"COFUEL,PDEFENCE",FALSE,L2,A2,4,2,FALSE,FALSE,1,NoCard,220,TRUE,
Max,64,5484,B2,FALSE,TRUE,9,15,NO,NO,Both,Both,27,30,21,2,1,Both,"COFUEL,PDEFENCE",FALSE,L3,A3,4,5,FALSE,FALSE,1,NoCard,270,TRUE,
serenity ,64,6956,B3,FALSE,TRUE,6,1,NO,NO,Both,Both,18,2,69,54,1,Both,"COFUEL,PDEFENCE",FALSE,NO,NO,2,4,FALSE,FALSE,2,NoCard,270,TRUE,
Cheryl,64,45,B1,FALSE,TRUE,17,8,NO,NO,Both,Both,51,16,64,1,0,Both,"COFUEL,PDEFENCE",FALSE,L1,A1,4,2,FALSE,FALSE,0,NoCard,270,TRUE,
Audrey,64,5188,R1,FALSE,TRUE,12,8,NO,NO,Both,Both,36,16,45,3,3,Both,"COFUEL,PDEFENCE",FALSE,L2,A2,2,2,FALSE,FALSE,1,NoCard,250,FALSE,
Lonnie,64,3176,R2,FALSE,TRUE,6,18,L1,A3,Both,Both,18,36,30,28,5,Both,"COFUEL,PDEFENCE",FALSE,L3,A3,1,3,FALSE,FALSE,3,NoCard,250,FALSE,
Jayden,64,8103,R3,FALSE,TRUE,20,6,L1,A1,Both,Both,60,12,20,73,9,Both,"COFUEL,PDEFENCE",FALSE,NO,NO,3,4,FALSE,FALSE,0,NoCard,250,FALSE,
Cheryl,65,7454,B2,FALSE,TRUE,18,4,L1,A4,Both,Both,54,8,58,65,1,Both,"COFUEL,PDEFENCE",FALSE,L1,A1,4,4,FALSE,FALSE,2,NoCard,270,TRUE,
Max,65,6721,B3,FALSE,TRUE,15,17,L1,A1,Both,Both,45,34,54,39,5,Both,"COFUEL,PDEFENCE",FALSE,L2,A2,5,1,FALSE,FALSE,6,NoCard,270,TRUE,
Jayden,65,1018,B1,FALSE,TRUE,17,16,L1,A2,Both,Both,51,32,50,32,8,Both,"COFUEL,PDEFENCE",FALSE,NO,NO,1,1,FALSE,FALSE,0,NoCard,270,TRUE,
Audrey,65,7617,R1,FALSE,TRUE,2,3,L1,A3,Both,Both,6,6,14,31,3,Both,"COFUEL,PDEFENCE",FALSE,L1,A1,3,4,FALSE,FALSE,6,NoCard,250,FALSE,
Lonnie,65,10332,R2,FALSE,TRUE,14,14,L1,A4,Both,Both,42,28,22,12,4,Both,"COFUEL,PDEFENCE",FALSE,L2,A2,2,3,FALSE,FALSE,3,NoCard,250,FALSE,
Cheryl,66,1741,R3,FALSE,TRUE,2,17,L1,A1,Both,Both,6,34,22,69,9,Both,"COFUEL,PDEFENCE",FALSE,L3,A3,2,1,FALSE,FALSE,2,NoCard,220,TRUE,
Jayden,66,328,B2,FALSE,TRUE,10,18,L1,A3,Both,Both,30,36,22,31,4,Both,"COFUEL,PDEFENCE",FALSE,NO,NO,3,1,FALSE,FALSE,3,NoCard,156,FALSE,
Lonnie,66,4485,B3,FALSE,TRUE,6,10,NO,NO,Both,Both,18,20,57,49,9,Both,"COFUEL,PDEFENCE",FALSE,L1,A1,2,3,FALSE,FALSE,5,NoCard,156,FALSE,
serenity ,66,10021,B1,FALSE,TRUE,17,13,L1,A4,Both,Both,51,26,0,66,7,Both,"COFUEL,PDEFENCE",FALSE,L2,A2,2,4,FALSE,FALSE,2,NoCard,156,FALSE,
Audrey,66,8430,R1,FALSE,TRUE,5,13,L1,A1,Both,Both,15,26,7,42,1,Both,"COFUEL,PDEFENCE",FALSE,L3,A3,3,5,FALSE,FALSE,0,NoCard,220,TRUE,
Cheryl,67,4926,R2,FALSE,TRUE,15,12,L1,A2,Both,Both,45,24,64,36,5,Both,"COFUEL,PDEFENCE",FALSE,NO,NO,3,5,FALSE,FALSE,2,NoCard,250,FALSE,
Audrey,67,3494,R3,FALSE,TRUE,8,18,L1,A3,Both,Both,24,36,9,67,4,Both,"COFUEL,PDEFENCE",FALSE,L1,A1,4,3,FALSE,FALSE,4,NoCard,250,FALSE,
serenity ,67,1501,B2,FALSE,TRUE,15,10,L1,A1,Ground,Both,45,20,74,55,8,Ground,"COFUEL,PDEFENCE",FALSE,L2,A2,3,1,FALSE,FALSE,4,NoCard,270,TRUE,
Lonnie,67,2171,B3,FALSE,TRUE,3,1,L1,A4,Outpost,Both,9,2,16,4,6,Outpost,"COFUEL,PDEFENCE",FALSE,L3,A3,1,4,FALSE,FALSE,6,NoCard,270,TRUE,
Jayden,67,447,B1,FALSE,TRUE,13,1,L1,A1,Ground,Both,39,2,7,21,7,Ground,"COFUEL,PDEFENCE",FALSE,NO,NO,1,1,FALSE,FALSE,4,NoCard,270,TRUE,6RP
keira,66,3487,R1,FALSE,TRUE,19,10,L1,A2,Outpost,Both,57,20,38,6,8,Outpost,"COFUEL,PDEFENCE",FALSE,L1,A1,4,5,FALSE,FALSE,0,NoCard,220,TRUE,
keira,67,135,R2,FALSE,TRUE,17,4,L1,A3,Both,Both,51,8,9,59,3,Both,"COFUEL,PDEFENCE",FALSE,L2,A2,1,4,FALSE,FALSE,1,NoCard,250,FALSE,
keira,68,868,R3,FALSE,TRUE,17,10,L1,A4,Both,Both,51,20,2,1,1,Both,"COFUEL,PDEFENCE",FALSE,L3,A3,4,2,FALSE,FALSE,4,NoCard,250,FALSE,
Jayden,68,3176,B2,FALSE,TRUE,9,5,L1,A1,Both,Both,27,10,3,4,1,Both,"COFUEL,PDEFENCE",FALSE,NO,NO,1,1,FALSE,FALSE,4,NoCard,270,TRUE,6RP
Lonnie,68,4272,B3,FALSE,TRUE,2,8,L1,A3,Both,Both,6,16,55,38,2,Both,"COFUEL,PDEFENCE",FALSE,L1,A1,3,1,FALSE,FALSE,2,NoCard,270,TRUE,
serenity ,68,2197,B1,FALSE,TRUE,12,14,L1,A1,Both,Both,36,28,57,2,4,Both,"COFUEL,PDEFENCE",FALSE,L2,A2,2,2,FALSE,FALSE,3,NoCard,270,TRUE,
Cheryl,68,234,R1,FALSE,TRUE,6,17,L1,A4,Both,Both,18,34,39,26,2,Both,"COFUEL,PDEFENCE",FALSE,L3,A3,4,1,FALSE,FALSE,2,NoCard,250,FALSE,
Gavin,69,5402,R2,FALSE,TRUE,1,20,L1,A1,Both,Both,3,40,2,72,5,Both,"COFUEL,PDEFENCE",FALSE,NO,NO,1,3,FALSE,FALSE,5,NoCard,220,TRUE,
serenity ,69,3940,R3,FALSE,TRUE,6,5,L1,A2,Both,Both,18,10,73,26,3,Both,"COFUEL,PDEFENCE",FALSE,L1,A1,4,1,FALSE,FALSE,5,NoCard,220,TRUE,
Cheryl,69,5010,B2,FALSE,TRUE,19,13,L1,A3,Both,Both,57,26,34,25,2,Both,"COFUEL,PDEFENCE",FALSE,L2,A2,4,1,FALSE,FALSE,6,NoCard,156,FALSE,
Jayden,69,292,B3,FALSE,TRUE,13,7,L1,A4,Both,Both,39,14,22,36,6,Both,"COFUEL,PDEFENCE",FALSE,L3,A3,4,1,FALSE,FALSE,5,NoCard,156,FALSE,
Audrey,69,1747,B1,FALSE,TRUE,7,5,L1,A1,Both,Both,21,10,34,59,8,Both,"COFUEL,PDEFENCE",FALSE,NO,NO,5,3,FALSE,FALSE,2,NoCard,156,FALSE,
Audrey,68,7457,R1,FALSE,TRUE,12,11,L1,A3,Both,Both,36,22,11,13,2,Both,"COFUEL,PDEFENCE",FALSE,L1,A1,5,1,FALSE,FALSE,3,NoCard,250,FALSE,
Gavin,70,7657,R2,FALSE,TRUE,8,7,L1,A3,Both,Both,24,14,1,52,5,Both,"COFUEL,PDEFENCE",FALSE,L2,A2,5,4,FALSE,FALSE,0,NoCard,250,FALSE,
Liam Welty ,70,1024,R3,FALSE,TRUE,8,7,L1,A4,Both,Both,24,14,10,38,3,Both,"COFUEL,PDEFENCE",FALSE,L3,A3,4,5,FALSE,FALSE,3,NoCard,250,FALSE,
Kobe ,70,461,B2,FALSE,TRUE,8,14,L1,A1,Both,Both,24,28,39,57,7,Both,"COFUEL,PDEFENCE",FALSE,NO,NO,4,3,FALSE,FALSE,4,NoCard,270,TRUE,
Bradyn,70,461,B3,FALSE,TRUE,2,17,L1,A3,Both,Both,6,34,40,52,4,Both,"COFUEL,PDEFENCE",FALSE,NO,NO,3,2,FALSE,FALSE,0,NoCard,270,TRUE,
Jonah Hodson,70,7657,B1,FALSE,TRUE,15,19,L1,A1,Both,Both,45,38,73,72,7,Both,"COFUEL,PDEFENCE",FALSE,L1,A1,5,5,FALSE,FALSE,1,NoCard,270,TRUE,Could be useful for L2 scoring
Bradyn,71,447,R1,FALSE,TRUE,10,3,L1,A4,Both,Both,30,6,48,41,7,Both,"COFUEL,PDEFENCE",FALSE,L2,A2,2,2,FALSE,FALSE,1,NoCard,250,FALSE,
Najiya ,71,10492,R2,FALSE,TRUE,6,20,L1,A1,Both,Both,18,40,30,73,1,Both,"COFUEL,PDEFENCE",FALSE,L3,A3,1,4,FALSE,FALSE,6,NoCard,250,FALSE,Played defense
Kobe ,71,447,R3,FALSE,TRUE,15,5,NO,NO,Both,Both,45,10,11,7,5,Both,"COFUEL,PDEFENCE",FALSE,NO,NO,3,1,FALSE,FALSE,2,NoCard,250,FALSE,
Jonah Hodson,71,6956,B2,FALSE,TRUE,13,18,NO,NO,Both,Both,39,36,3,7,1,Both,"COFUEL,PDEFENCE",FALSE,L1,A1,4,1,FALSE,FALSE,3,NoCard,270,TRUE,Had trouble at end trying to park
Liam Welty ,71,3487,B3,FALSE,TRUE,3,17,NO,NO,Both,Both,9,34,48,49,6,Both,"COFUEL,PDEFENCE",FALSE,L2,A2,3,2,FALSE,FALSE,1,NoCard,270,TRUE,
Liam Welty ,72,7454,B1,FALSE,TRUE,7,13,NO,NO,Both,Both,21,26,22,0,7,Both,"COFUEL,PDEFENCE",FALSE,L3,A3,4,4,FALSE,FALSE,4,NoCard,156,FALSE,
Najiya ,72,2197,R1,FALSE,TRUE,3,17,NO,NO,Both,Both,9,34,39,42,2,Both,"COFUEL,PDEFENCE",FALSE,NO,NO,3,1,FALSE,FALSE,6,NoCard,220,TRUE,
Kobe ,72,8103,R2,FALSE,TRUE,7,1,NO,NO,Both,Both,21,2,33,28,5,Both,"COFUEL,PDEFENCE",FALSE,L1,A1,2,4,FALSE,FALSE,5,NoCard,220,TRUE,6 RP
Bradyn,72,868,R3,FALSE,TRUE,7,3,NO,NO,Both,Both,21,6,62,45,0,Both,"COFUEL,PDEFENCE",FALSE,L2,A2,1,5,FALSE,FALSE,6,NoCard,220,TRUE,
Jonah Hodson,72,4926,B2,FALSE,TRUE,11,1,NO,NO,Both,Both,33,2,34,65,7,Both,"COFUEL,PDEFENCE",FALSE,L3,A3,1,1,FALSE,FALSE,3,NoCard,156,FALSE,6 ranking points
Vadim,70,328,B3,FALSE,TRUE,10,15,NO,NO,Both,Both,30,30,64,53,5,Both,"COFUEL,PDEFENCE",FALSE,NO,NO,3,3,FALSE,FALSE,0,NoCard,270,TRUE,.
Vadim,71,6721,B1,FALSE,TRUE,19,1,NO,NO,Both,Both,57,2,57,67,8,Both,"COFUEL,PDEFENCE",FALSE,L1,A1,2,4,FALSE,FALSE,6,NoCard,270,TRUE,.
Vadim,72,7457,R1,FALSE,TRUE,20,6,NO,NO,Both,Both,60,12,23,13,6,Both,"COFUEL,PDEFENCE",FALSE,L2,A2,3,2,FALSE,FALSE,1,NoCard,220,TRUE,Fast and precise in everything. 6 RP!
Jonah Hodson,73,45,R2,FALSE,TRUE,16,20,NO,NO,Both,Both,48,40,29,2,8,Both,"COFUEL,PDEFENCE",FALSE,L3,A3,2,3,FALSE,FALSE,6,NoCard,250,FALSE,"Played defense,  got stuck on algae. 6 ranking"
Bradyn,73,5484,R3,FALSE,TRUE,16,11,NO,NO,Both,Both,48,22,46,59,3,Both,"COFUEL,PDEFENCE",FALSE,NO,NO,2,4,FALSE,FALSE,2,NoCard,250,FALSE,
Najiya ,73,234,B2,FALSE,TRUE,1,15,NO,NO,Both,Both,3,30,23,22,4,Both,"COFUEL,PDEFENCE",FALSE,L1,A1,5,4,FALSE,FALSE,6,NoCard,270,TRUE,
Liam Welty ,73,4485,B3,FALSE,TRUE,18,17,L1,A4,Both,Both,54,34,34,35,0,Both,"COFUEL,PDEFENCE",FALSE,L2,A2,3,5,FALSE,FALSE,2,NoCard,270,TRUE,
